template_csv,template_rel,iter_idx,seed,stage1_obj,rank_stage1,csv,isi_dist,iti_dist,isi_lo,isi_hi,iti_lo,iti_hi,isi_shape,iti_shape,enc_raw_max_worst,enc_raw_p95_worst,enc_raw_mean,enc_part_max_worst,enc_part_p95_worst,enc_part_mean,dec_raw_max_worst,dec_raw_p95_worst,dec_raw_mean,dec_part_max_worst,dec_part_p95_worst,dec_part_mean,fb_raw_max_worst,fb_raw_p95_worst,fb_raw_mean,fb_part_max_worst,fb_part_p95_worst,fb_part_mean,all_max_worst,all_p95_worst,all_mean,cov_chi2,cov_minbin,cov_chi2_worst,cov_minbin_worst,coll_max,coll_p95,coll_max_worst,coll_p95_worst,coll_enc_max,coll_enc_p95,coll_dec_max,coll_dec_p95,coll_fb_max,coll_fb_p95,enc_part_nuked_n_worst,enc_part_nuked_frac_worst,enc_part_nuked_frac_mean,coll_enc_max_worst,coll_enc_p95_worst,coll_dec_max_worst,coll_dec_p95_worst,coll_fb_max_worst,coll_fb_p95_worst
C:\Users\arech\repos\novel_concept_learning_fMRI\experimental_task\task_designs\v5-9cat\session-1\v5-9cat_sub-001_sess-1_3event.csv,session-1/v5-9cat_sub-001_sess-1_3event.csv,,348945514833446,1010.4890785424255,0,C:\Users\arech\repos\novel_concept_learning_fMRI\experimental_task\task_designs\v5-9cat_top5\session-1\v5-9cat_sub-001_sess-1_3event_rank01_seed348945514833446_obj1010.4891.csv,uniform,uniform,0.5,1.5,1.0,1.5,2.0,2.0,0.27810994256963095,0.16397411456664934,0.04342075817960656,0.25067970634834524,0.16863826047655792,0.0443095651811316,0.25947027547046303,0.16078421938458937,0.04515777200376543,0.25917971840240966,0.1646439324055597,0.04587034824077182,0.2208663178700171,0.16360118161499354,0.04282189645292916,0.2370741590725091,0.16393821886092352,0.043624925997729144,0.7799995948111577,0.2101898561310559,0.05993263901015147,9.888888888888891,0.0,9.888888888888891,0.0,0.7799995948111577,0.2101898561310559,0.7799995948111577,0.2101898561310559,0.25067970634834524,0.16863826047655792,0.25917971840240966,0.1646439324055597,0.2370741590725091,0.16393821886092352,0.0,0.0,0.0,0.25067970634834524,0.16863826047655792,0.25917971840240966,0.1646439324055597,0.2370741590725091,0.16393821886092352
C:\Users\arech\repos\novel_concept_learning_fMRI\experimental_task\task_designs\v5-9cat\session-1\v5-9cat_sub-002_sess-1_3event.csv,session-1/v5-9cat_sub-002_sess-1_3event.csv,,3080397590165208,1011.379137862184,0,C:\Users\arech\repos\novel_concept_learning_fMRI\experimental_task\task_designs\v5-9cat_top5\session-1\v5-9cat_sub-002_sess-1_3event_rank01_seed3080397590165208_obj1011.3791.csv,uniform,uniform,0.5,1.5,1.0,1.5,2.0,2.0,0.2623430412212392,0.16484339347210705,0.04335900533076074,0.2488776065930925,0.16679209435831627,0.044422445764165985,0.24887001901322708,0.1617152947823422,0.04507081709966803,0.2558735196254214,0.16499988432604043,0.0459738993064177,0.22995230418419033,0.15986950185550608,0.04272569311863881,0.24574652129037114,0.16031894420018789,0.04367510317315155,0.781757657556636,0.2104812556278887,0.05997131877396161,10.777777777777777,0.0,10.777777777777777,0.0,0.781757657556636,0.2104812556278887,0.781757657556636,0.2104812556278887,0.2488776065930925,0.16679209435831627,0.2558735196254214,0.16499988432604043,0.24574652129037114,0.16031894420018789,0.0,0.0,0.0,0.2488776065930925,0.16679209435831627,0.2558735196254214,0.16499988432604043,0.24574652129037114,0.16031894420018789
C:\Users\arech\repos\novel_concept_learning_fMRI\experimental_task\task_designs\v5-9cat\session-1\v5-9cat_sub-003_sess-1_3event.csv,session-1/v5-9cat_sub-003_sess-1_3event.csv,,1618514332528879,1009.6029876147811,0,C:\Users\arech\repos\novel_concept_learning_fMRI\experimental_task\task_designs\v5-9cat_top5\session-1\v5-9cat_sub-003_sess-1_3event_rank01_seed1618514332528879_obj1009.6030.csv,uniform,uniform,0.5,1.5,1.0,1.5,2.0,2.0,0.276699644842166,0.15932796940853555,0.043656964872949816,0.24355523492618944,0.1624112225973094,0.04474732873079401,0.26944427085097333,0.16264508670648653,0.04536288983656071,0.26650907215749065,0.1640861006263059,0.046203241066626155,0.22886362547462352,0.1580598024449661,0.04298836215941489,0.24019215267286576,0.159262841209936,0.04388758261257406,0.7825140514892907,0.21173058903646408,0.06047080539943053,9.000000000000004,0.0,9.000000000000004,0.0,0.7825140514892907,0.21173058903646408,0.7825140514892907,0.21173058903646408,0.24355523492618944,0.1624112225973094,0.26650907215749065,0.1640861006263059,0.24019215267286576,0.159262841209936,0.0,0.0,0.0,0.24355523492618944,0.1624112225973094,0.26650907215749065,0.1640861006263059,0.24019215267286576,0.159262841209936
C:\Users\arech\repos\novel_concept_learning_fMRI\experimental_task\task_designs\v5-9cat\session-1\v5-9cat_sub-004_sess-1_3event.csv,session-1/v5-9cat_sub-004_sess-1_3event.csv,,709295677880986,1011.3791502873934,0,C:\Users\arech\repos\novel_concept_learning_fMRI\experimental_task\task_designs\v5-9cat_top5\session-1\v5-9cat_sub-004_sess-1_3event_rank01_seed709295677880986_obj1011.3792.csv,uniform,uniform,0.5,1.5,1.0,1.5,2.0,2.0,0.2796736829078172,0.16035849415347275,0.04339924451477517,0.2514207867323419,0.16166698245681857,0.044531440807845615,0.2607167361426072,0.15867938601021503,0.04511148590660892,0.2598364643068858,0.1636615439289166,0.04592185171940959,0.22405292126248288,0.15464485180296483,0.04279266357307154,0.23228343973135057,0.1560642385684594,0.04370982801133236,0.7824177528408851,0.21016363319514553,0.060171975199714206,10.777777777777779,0.0,10.777777777777779,0.0,0.7824177528408851,0.21016363319514553,0.7824177528408851,0.21016363319514553,0.2514207867323419,0.16166698245681857,0.2598364643068858,0.1636615439289166,0.23228343973135057,0.1560642385684594,0.0,0.0,0.0,0.2514207867323419,0.16166698245681857,0.2598364643068858,0.1636615439289166,0.23228343973135057,0.1560642385684594
C:\Users\arech\repos\novel_concept_learning_fMRI\experimental_task\task_designs\v5-9cat\session-1\v5-9cat_sub-005_sess-1_3event.csv,session-1/v5-9cat_sub-005_sess-1_3event.csv,,4255426452241175,1010.491183991483,0,C:\Users\arech\repos\novel_concept_learning_fMRI\experimental_task\task_designs\v5-9cat_top5\session-1\v5-9cat_sub-005_sess-1_3event_rank01_seed4255426452241175_obj1010.4912.csv,uniform,uniform,0.5,1.5,1.0,1.5,2.0,2.0,0.2725152601765195,0.15526007944846967,0.043483127251716006,0.2480323912306987,0.1601827740753972,0.04468323387399461,0.2614310256687357,0.16296786530320911,0.04516402158232719,0.26135287044309524,0.16589413598822866,0.04608553820188393,0.23143814879441185,0.15811516695847683,0.042909582123054874,0.24865003144033782,0.16029519739849796,0.04403428404598262,0.78220844368582,0.21119088075116768,0.0605997087199307,9.88888888888889,0.0,9.88888888888889,0.0,0.78220844368582,0.21119088075116768,0.78220844368582,0.21119088075116768,0.2480323912306987,0.1601827740753972,0.26135287044309524,0.16589413598822866,0.24865003144033782,0.16029519739849796,0.0,0.0,0.0,0.2480323912306987,0.1601827740753972,0.26135287044309524,0.16589413598822866,0.24865003144033782,0.16029519739849796
C:\Users\arech\repos\novel_concept_learning_fMRI\experimental_task\task_designs\v5-9cat\session-1\v5-9cat_sub-006_sess-1_3event.csv,session-1/v5-9cat_sub-006_sess-1_3event.csv,,1592985033941021,1010.4910060319745,0,C:\Users\arech\repos\novel_concept_learning_fMRI\experimental_task\task_designs\v5-9cat_top5\session-1\v5-9cat_sub-006_sess-1_3event_rank01_seed1592985033941021_obj1010.4910.csv,uniform,uniform,0.5,1.5,1.0,1.5,2.0,2.0,0.27031189117473764,0.1665332969446897,0.043493279204248766,0.2541286991686293,0.16559742940325706,0.044579773062991386,0.2654289890783977,0.16446365417145561,0.04522362824400507,0.2651697283200161,0.16785371848222969,0.046082599612446914,0.23915889178870176,0.1630064991991984,0.042920839601992514,0.24299466210527998,0.1643748022105574,0.04388526315029667,0.7826893901070568,0.21077244803203152,0.06041790139198537,9.88888888888889,0.0,9.88888888888889,0.0,0.7826893901070568,0.21077244803203152,0.7826893901070568,0.21077244803203152,0.2541286991686293,0.16559742940325706,0.2651697283200161,0.16785371848222969,0.24299466210527998,0.1643748022105574,0.0,0.0,0.0,0.2541286991686293,0.16559742940325706,0.2651697283200161,0.16785371848222969,0.24299466210527998,0.1643748022105574
C:\Users\arech\repos\novel_concept_learning_fMRI\experimental_task\task_designs\v5-9cat\session-1\v5-9cat_sub-007_sess-1_3event.csv,session-1/v5-9cat_sub-007_sess-1_3event.csv,,2299563577670496,1010.4889931563678,0,C:\Users\arech\repos\novel_concept_learning_fMRI\experimental_task\task_designs\v5-9cat_top5\session-1\v5-9cat_sub-007_sess-1_3event_rank01_seed2299563577670496_obj1010.4890.csv,uniform,uniform,0.5,1.5,1.0,1.5,2.0,2.0,0.25626826216769144,0.1582341432144204,0.04355718107997547,0.2477521282414501,0.16281927915129274,0.04455261738164762,0.257619764433837,0.1589159612949847,0.04531087848752337,0.257220342597325,0.16210959371436212,0.046133423064275994,0.23595380111554196,0.15703743781974497,0.042974666306303325,0.2428543084089612,0.15625439643885936,0.04391623279097943,0.7798443405742418,0.21018209719178635,0.06025886905637161,9.88888888888889,0.0,9.88888888888889,0.0,0.7798443405742418,0.21018209719178635,0.7798443405742418,0.21018209719178635,0.2477521282414501,0.16281927915129274,0.257220342597325,0.16210959371436212,0.2428543084089612,0.15625439643885936,0.0,0.0,0.0,0.2477521282414501,0.16281927915129274,0.257220342597325,0.16210959371436212,0.2428543084089612,0.15625439643885936
C:\Users\arech\repos\novel_concept_learning_fMRI\experimental_task\task_designs\v5-9cat\session-1\v5-9cat_sub-008_sess-1_3event.csv,session-1/v5-9cat_sub-008_sess-1_3event.csv,,3398438236284385,1009.6036630718595,0,C:\Users\arech\repos\novel_concept_learning_fMRI\experimental_task\task_designs\v5-9cat_top5\session-1\v5-9cat_sub-008_sess-1_3event_rank01_seed3398438236284385_obj1009.6037.csv,uniform,uniform,0.5,1.5,1.0,1.5,2.0,2.0,0.26049691528222674,0.1597152914403865,0.04353426314197638,0.24990023352505722,0.1644020687261578,0.044670757299951076,0.24956598902077798,0.16043479121364956,0.04525520166034572,0.2583073584159829,0.16612471262464312,0.04606519523497154,0.23287989945045254,0.16017081355898305,0.042893365224770164,0.2414842435865514,0.16197582887641065,0.04379636498228052,0.785820280511057,0.21075293160395683,0.06032079298933958,9.000000000000002,0.0,9.000000000000002,0.0,0.785820280511057,0.21075293160395683,0.785820280511057,0.21075293160395683,0.24990023352505722,0.1644020687261578,0.2583073584159829,0.16612471262464312,0.2414842435865514,0.16197582887641065,0.0,0.0,0.0,0.24990023352505722,0.1644020687261578,0.2583073584159829,0.16612471262464312,0.2414842435865514,0.16197582887641065
C:\Users\arech\repos\novel_concept_learning_fMRI\experimental_task\task_designs\v5-9cat\session-1\v5-9cat_sub-009_sess-1_3event.csv,session-1/v5-9cat_sub-009_sess-1_3event.csv,,493710234126754,1010.4922988286592,0,C:\Users\arech\repos\novel_concept_learning_fMRI\experimental_task\task_designs\v5-9cat_top5\session-1\v5-9cat_sub-009_sess-1_3event_rank01_seed493710234126754_obj1010.4923.csv,uniform,uniform,0.5,1.5,1.0,1.5,2.0,2.0,0.27052266247660517,0.16276504849059056,0.04350829133532366,0.2512482167082659,0.16411248007278365,0.04465382506274154,0.2782308068884143,0.16532512298450594,0.04517582932039528,0.27676677682535156,0.16965205242536852,0.04601267038262993,0.25168758167348565,0.16174342357049065,0.04289605897047517,0.2550480389339628,0.1622054101507342,0.04386864446977391,0.7848046831319782,0.21100759820425213,0.0603718777459559,9.88888888888889,0.0,9.88888888888889,0.0,0.7848046831319782,0.21100759820425213,0.7848046831319782,0.21100759820425213,0.2512482167082659,0.16411248007278365,0.27676677682535156,0.16965205242536852,0.2550480389339628,0.1622054101507342,0.0,0.0,0.0,0.2512482167082659,0.16411248007278365,0.27676677682535156,0.16965205242536852,0.2550480389339628,0.1622054101507342
C:\Users\arech\repos\novel_concept_learning_fMRI\experimental_task\task_designs\v5-9cat\session-1\v5-9cat_sub-010_sess-1_3event.csv,session-1/v5-9cat_sub-010_sess-1_3event.csv,,2789860347556203,1010.4868858485852,0,C:\Users\arech\repos\novel_concept_learning_fMRI\experimental_task\task_designs\v5-9cat_top5\session-1\v5-9cat_sub-010_sess-1_3event_rank01_seed2789860347556203_obj1010.4869.csv,uniform,uniform,0.5,1.5,1.0,1.5,2.0,2.0,0.26895094212199494,0.16424487982222657,0.04342564483642415,0.2510450209621347,0.16398816526853202,0.04446461379371622,0.24876090763738315,0.16802017742207467,0.04511842280435471,0.24933371662105497,0.16923341973785835,0.04590049441200652,0.23439923426236817,0.15936206370769912,0.04281958878001223,0.24560736488467882,0.16135100028980603,0.04373416025223789,0.779391215528296,0.2083013519321591,0.06008116916625357,9.88888888888889,0.0,9.88888888888889,0.0,0.779391215528296,0.2083013519321591,0.779391215528296,0.2083013519321591,0.2510450209621347,0.16398816526853202,0.24933371662105497,0.16923341973785835,0.24560736488467882,0.16135100028980603,0.0,0.0,0.0,0.2510450209621347,0.16398816526853202,0.24933371662105497,0.16923341973785835,0.24560736488467882,0.16135100028980603
C:\Users\arech\repos\novel_concept_learning_fMRI\experimental_task\task_designs\v5-9cat\session-1\v5-9cat_sub-011_sess-1_3event.csv,session-1/v5-9cat_sub-011_sess-1_3event.csv,,1907054955147925,1010.4875914437556,0,C:\Users\arech\repos\novel_concept_learning_fMRI\experimental_task\task_designs\v5-9cat_top5\session-1\v5-9cat_sub-011_sess-1_3event_rank01_seed1907054955147925_obj1010.4876.csv,uniform,uniform,0.5,1.5,1.0,1.5,2.0,2.0,0.2578179610188758,0.1610267114462956,0.043400435525818515,0.2509603568677467,0.16385122155207332,0.04434923060703069,0.2594204618266699,0.16186064790043014,0.04514102924797542,0.263393429148039,0.16417157245348665,0.04578300016414677,0.2524185818580553,0.15926530323341276,0.04282416281646653,0.25388949724748244,0.16063822275746098,0.043718164335645765,0.7789686800035017,0.20921821486494444,0.059873592659461995,9.88888888888889,0.0,9.88888888888889,0.0,0.7789686800035017,0.20921821486494444,0.7789686800035017,0.20921821486494444,0.2509603568677467,0.16385122155207332,0.263393429148039,0.16417157245348665,0.25388949724748244,0.16063822275746098,0.0,0.0,0.0,0.2509603568677467,0.16385122155207332,0.263393429148039,0.16417157245348665,0.25388949724748244,0.16063822275746098
C:\Users\arech\repos\novel_concept_learning_fMRI\experimental_task\task_designs\v5-9cat\session-1\v5-9cat_sub-012_sess-1_3event.csv,session-1/v5-9cat_sub-012_sess-1_3event.csv,,3539857206540110,1009.60038640293,0,C:\Users\arech\repos\novel_concept_learning_fMRI\experimental_task\task_designs\v5-9cat_top5\session-1\v5-9cat_sub-012_sess-1_3event_rank01_seed3539857206540110_obj1009.6004.csv,uniform,uniform,0.5,1.5,1.0,1.5,2.0,2.0,0.2531711054437947,0.1599828891010679,0.04333339722510113,0.2465061733205429,0.16385375337665986,0.044562963929603,0.25716046223600464,0.16328335694724838,0.04510477282787306,0.2543680545336826,0.16599546900816065,0.046000877069736365,0.23586431066137903,0.15744086250840011,0.04274541230108102,0.2501168669596194,0.15823514418142975,0.043739545554902726,0.7821148115401622,0.20932899715985198,0.06005400913608014,9.000000000000002,0.0,9.000000000000002,0.0,0.7821148115401622,0.20932899715985198,0.7821148115401622,0.20932899715985198,0.2465061733205429,0.16385375337665986,0.2543680545336826,0.16599546900816065,0.2501168669596194,0.15823514418142975,0.0,0.0,0.0,0.2465061733205429,0.16385375337665986,0.2543680545336826,0.16599546900816065,0.2501168669596194,0.15823514418142975
C:\Users\arech\repos\novel_concept_learning_fMRI\experimental_task\task_designs\v5-9cat\session-1\v5-9cat_sub-013_sess-1_3event.csv,session-1/v5-9cat_sub-013_sess-1_3event.csv,,85935844806981,1009.6005159732885,0,C:\Users\arech\repos\novel_concept_learning_fMRI\experimental_task\task_designs\v5-9cat_top5\session-1\v5-9cat_sub-013_sess-1_3event_rank01_seed85935844806981_obj1009.6005.csv,uniform,uniform,0.5,1.5,1.0,1.5,2.0,2.0,0.270104994604402,0.16376903358616343,0.043496309336378186,0.24681211834485542,0.16456420172819003,0.044437955280394834,0.2557456603331583,0.1628344285943392,0.04529705960720959,0.2579504338086344,0.1659013888738148,0.04603584176215236,0.24764941891809034,0.16138211325866406,0.04292908965202884,0.25733776565025357,0.16171704889825492,0.04376969656963684,0.779661901347733,0.21068502261455646,0.06031127412597277,9.000000000000002,0.0,9.000000000000002,0.0,0.779661901347733,0.21068502261455646,0.779661901347733,0.21068502261455646,0.24681211834485542,0.16456420172819003,0.2579504338086344,0.1659013888738148,0.25733776565025357,0.16171704889825492,0.0,0.0,0.0,0.24681211834485542,0.16456420172819003,0.2579504338086344,0.1659013888738148,0.25733776565025357,0.16171704889825492
C:\Users\arech\repos\novel_concept_learning_fMRI\experimental_task\task_designs\v5-9cat\session-1\v5-9cat_sub-014_sess-1_3event.csv,session-1/v5-9cat_sub-014_sess-1_3event.csv,,1327619638847131,1010.4883874238825,0,C:\Users\arech\repos\novel_concept_learning_fMRI\experimental_task\task_designs\v5-9cat_top5\session-1\v5-9cat_sub-014_sess-1_3event_rank01_seed1327619638847131_obj1010.4884.csv,uniform,uniform,0.5,1.5,1.0,1.5,2.0,2.0,0.2619604062928432,0.15978062868531367,0.043481082661001945,0.24691902621984543,0.16550300086910935,0.04469874165459065,0.2452247469132596,0.15958989840463764,0.04521753059033861,0.24643042522952563,0.1629837673822512,0.04622346735389368,0.2438028817142671,0.15841722607894454,0.04285752753651284,0.249897205998385,0.16123831360258511,0.04386166765238542,0.7801631100800235,0.20941697995353573,0.06022907535257243,9.88888888888889,0.0,9.88888888888889,0.0,0.7801631100800235,0.20941697995353573,0.7801631100800235,0.20941697995353573,0.24691902621984543,0.16550300086910935,0.24643042522952563,0.1629837673822512,0.249897205998385,0.16123831360258511,0.0,0.0,0.0,0.24691902621984543,0.16550300086910935,0.24643042522952563,0.1629837673822512,0.249897205998385,0.16123831360258511
C:\Users\arech\repos\novel_concept_learning_fMRI\experimental_task\task_designs\v5-9cat\session-1\v5-9cat_sub-015_sess-1_3event.csv,session-1/v5-9cat_sub-015_sess-1_3event.csv,,2562944248810006,1009.6008577782808,0,C:\Users\arech\repos\novel_concept_learning_fMRI\experimental_task\task_designs\v5-9cat_top5\session-1\v5-9cat_sub-015_sess-1_3event_rank01_seed2562944248810006_obj1009.6009.csv,uniform,uniform,0.5,1.5,1.0,1.5,2.0,2.0,0.26926245831804674,0.15946666516908492,0.04349019273174386,0.2504168947054328,0.16181390185246794,0.04448638982102726,0.2536732018993073,0.16139068629541875,0.04523270461832615,0.2664688657753893,0.16286438956985927,0.04595194326726042,0.2433272841757251,0.15843673459107055,0.042897616736773087,0.25566085411260653,0.1595511162817103,0.0437929267820813,0.7817891543304942,0.20996320111548072,0.06022958049959083,9.000000000000002,0.0,9.000000000000002,0.0,0.7817891543304942,0.20996320111548072,0.7817891543304942,0.20996320111548072,0.2504168947054328,0.16181390185246794,0.2664688657753893,0.16286438956985927,0.25566085411260653,0.1595511162817103,0.0,0.0,0.0,0.2504168947054328,0.16181390185246794,0.2664688657753893,0.16286438956985927,0.25566085411260653,0.1595511162817103
C:\Users\arech\repos\novel_concept_learning_fMRI\experimental_task\task_designs\v5-9cat\session-1\v5-9cat_sub-016_sess-1_3event.csv,session-1/v5-9cat_sub-016_sess-1_3event.csv,,999674896015928,1009.6027431322966,0,C:\Users\arech\repos\novel_concept_learning_fMRI\experimental_task\task_designs\v5-9cat_top5\session-1\v5-9cat_sub-016_sess-1_3event_rank01_seed999674896015928_obj1009.6027.csv,uniform,uniform,0.5,1.5,1.0,1.5,2.0,2.0,0.25280545677548155,0.15971395398035765,0.04333648491918357,0.25916230845722604,0.16543362761466318,0.04436224326597642,0.24468688884895434,0.1611160329109525,0.04511913586554399,0.2500914720209165,0.16518437760792343,0.045970908679899614,0.24895081236584454,0.1598327726999977,0.04277960462264916,0.25332261842442083,0.15970698140664802,0.04373887718928107,0.7858939186455971,0.20979617297381448,0.05991417657466468,9.000000000000002,0.0,9.000000000000002,0.0,0.7858939186455971,0.20979617297381448,0.7858939186455971,0.20979617297381448,0.25916230845722604,0.16543362761466318,0.2500914720209165,0.16518437760792343,0.25332261842442083,0.15970698140664802,0.0,0.0,0.0,0.25916230845722604,0.16543362761466318,0.2500914720209165,0.16518437760792343,0.25332261842442083,0.15970698140664802
C:\Users\arech\repos\novel_concept_learning_fMRI\experimental_task\task_designs\v5-9cat\session-1\v5-9cat_sub-017_sess-1_3event.csv,session-1/v5-9cat_sub-017_sess-1_3event.csv,,3967252094720994,1011.3788665519861,0,C:\Users\arech\repos\novel_concept_learning_fMRI\experimental_task\task_designs\v5-9cat_top5\session-1\v5-9cat_sub-017_sess-1_3event_rank01_seed3967252094720994_obj1011.3789.csv,uniform,uniform,0.5,1.5,1.0,1.5,2.0,2.0,0.2673429822823939,0.15801953016864476,0.04350096940451803,0.24682511417011044,0.16075427966947323,0.04451517004517775,0.2640933433129782,0.16414746923178905,0.04525290985129639,0.264032357160403,0.164984439889727,0.046026527406403436,0.23945334209390193,0.1558741952816959,0.04292660665211252,0.24819386043604075,0.15753565185438972,0.043802264307799335,0.7834448511909856,0.20936634861279602,0.06027720467483083,10.777777777777777,0.0,10.777777777777777,0.0,0.7834448511909856,0.20936634861279602,0.7834448511909856,0.20936634861279602,0.24682511417011044,0.16075427966947323,0.264032357160403,0.164984439889727,0.24819386043604075,0.15753565185438972,0.0,0.0,0.0,0.24682511417011044,0.16075427966947323,0.264032357160403,0.164984439889727,0.24819386043604075,0.15753565185438972
C:\Users\arech\repos\novel_concept_learning_fMRI\experimental_task\task_designs\v5-9cat\session-1\v5-9cat_sub-018_sess-1_3event.csv,session-1/v5-9cat_sub-018_sess-1_3event.csv,,2951283044822911,1010.4897794293958,0,C:\Users\arech\repos\novel_concept_learning_fMRI\experimental_task\task_designs\v5-9cat_top5\session-1\v5-9cat_sub-018_sess-1_3event_rank01_seed2951283044822911_obj1010.4898.csv,uniform,uniform,0.5,1.5,1.0,1.5,2.0,2.0,0.2776179260675191,0.16135933063380375,0.043551832551494175,0.2474821162441789,0.16419129824977555,0.04476509417804892,0.2640114797422155,0.15841983758972278,0.045198270578703445,0.2692271577462075,0.16214669232829793,0.04615030966632858,0.2403213067740904,0.15748887244411108,0.04288980624367672,0.25033689039457413,0.1599555480469077,0.0438275031588263,0.7838536526951908,0.20896371415924705,0.06037838817531127,9.88888888888889,0.0,9.88888888888889,0.0,0.7838536526951908,0.20896371415924705,0.7838536526951908,0.20896371415924705,0.2474821162441789,0.16419129824977555,0.2692271577462075,0.16214669232829793,0.25033689039457413,0.1599555480469077,0.0,0.0,0.0,0.2474821162441789,0.16419129824977555,0.2692271577462075,0.16214669232829793,0.25033689039457413,0.1599555480469077
C:\Users\arech\repos\novel_concept_learning_fMRI\experimental_task\task_designs\v5-9cat\session-1\v5-9cat_sub-019_sess-1_3event.csv,session-1/v5-9cat_sub-019_sess-1_3event.csv,,2013951536836908,1009.6007241986171,0,C:\Users\arech\repos\novel_concept_learning_fMRI\experimental_task\task_designs\v5-9cat_top5\session-1\v5-9cat_sub-019_sess-1_3event_rank01_seed2013951536836908_obj1009.6007.csv,uniform,uniform,0.5,1.5,1.0,1.5,2.0,2.0,0.266617345625326,0.15925004317043204,0.043367442212715324,0.24678454593166702,0.16211648557205538,0.04451623600764854,0.26424502021101176,0.16502837004976795,0.045088322833853445,0.2644263330556731,0.16725469385538172,0.04595566993800363,0.23892407872400798,0.15789852393542425,0.04278067850483709,0.24590979927725673,0.15921100315059467,0.0437631481604464,0.77968865387928,0.21087987167747338,0.06001689176221708,9.0,0.0,9.0,0.0,0.77968865387928,0.21087987167747338,0.77968865387928,0.21087987167747338,0.24678454593166702,0.16211648557205538,0.2644263330556731,0.16725469385538172,0.24590979927725673,0.15921100315059467,0.0,0.0,0.0,0.24678454593166702,0.16211648557205538,0.2644263330556731,0.16725469385538172,0.24590979927725673,0.15921100315059467
C:\Users\arech\repos\novel_concept_learning_fMRI\experimental_task\task_designs\v5-9cat\session-1\v5-9cat_sub-020_sess-1_3event.csv,session-1/v5-9cat_sub-020_sess-1_3event.csv,,165711985134810,1011.3804175152748,0,C:\Users\arech\repos\novel_concept_learning_fMRI\experimental_task\task_designs\v5-9cat_top5\session-1\v5-9cat_sub-020_sess-1_3event_rank01_seed165711985134810_obj1011.3804.csv,uniform,uniform,0.5,1.5,1.0,1.5,2.0,2.0,0.27210592370047404,0.16526833215557868,0.04342773773759228,0.2620844722925776,0.16760735839056018,0.04438995278262952,0.24820384566957762,0.1615642357832226,0.045196841163328075,0.25214911549826075,0.1641513628808953,0.045862828906082134,0.24740228687973856,0.15960155517307906,0.0428263666118997,0.25357334923601865,0.16062879108845543,0.043565601631122115,0.7822762575444043,0.2115016087247835,0.06000934080326502,10.777777777777777,0.0,10.777777777777777,0.0,0.7822762575444043,0.2115016087247835,0.7822762575444043,0.2115016087247835,0.2620844722925776,0.16760735839056018,0.25214911549826075,0.1641513628808953,0.25357334923601865,0.16062879108845543,0.0,0.0,0.0,0.2620844722925776,0.16760735839056018,0.25214911549826075,0.1641513628808953,0.25357334923601865,0.16062879108845543
C:\Users\arech\repos\novel_concept_learning_fMRI\experimental_task\task_designs\v5-9cat\session-1\v5-9cat_sub-021_sess-1_3event.csv,session-1/v5-9cat_sub-021_sess-1_3event.csv,,3724687998030779,1010.4896375310396,0,C:\Users\arech\repos\novel_concept_learning_fMRI\experimental_task\task_designs\v5-9cat_top5\session-1\v5-9cat_sub-021_sess-1_3event_rank01_seed3724687998030779_obj1010.4896.csv,uniform,uniform,0.5,1.5,1.0,1.5,2.0,2.0,0.276869175327468,0.16308739478393894,0.0434405227745502,0.2515469132962923,0.16514849816526733,0.044526150209710735,0.26576012166585716,0.1620496141706229,0.04520394234891426,0.26654363886933896,0.16417148915372765,0.04597198401749395,0.24104494921621739,0.16096774199509772,0.04284030105822351,0.24970917120996192,0.16292153538213414,0.0436362029813257,0.7830294710342923,0.20923390663354297,0.060131289513360026,9.888888888888891,0.0,9.888888888888891,0.0,0.7830294710342923,0.20923390663354297,0.7830294710342923,0.20923390663354297,0.2515469132962923,0.16514849816526733,0.26654363886933896,0.16417148915372765,0.24970917120996192,0.16292153538213414,0.0,0.0,0.0,0.2515469132962923,0.16514849816526733,0.26654363886933896,0.16417148915372765,0.24970917120996192,0.16292153538213414
C:\Users\arech\repos\novel_concept_learning_fMRI\experimental_task\task_designs\v5-9cat\session-1\v5-9cat_sub-022_sess-1_3event.csv,session-1/v5-9cat_sub-022_sess-1_3event.csv,,2102698261075879,1009.6028858377788,0,C:\Users\arech\repos\novel_concept_learning_fMRI\experimental_task\task_designs\v5-9cat_top5\session-1\v5-9cat_sub-022_sess-1_3event_rank01_seed2102698261075879_obj1009.6029.csv,uniform,uniform,0.5,1.5,1.0,1.5,2.0,2.0,0.26953128806079957,0.1609690267290378,0.04331392771009322,0.26218970921126067,0.16418221881627199,0.04447023574798447,0.2499739125917047,0.15936697828784196,0.04503572046406275,0.24725498436278412,0.1654286643818521,0.0459324171214978,0.2398174577482205,0.15895675350757188,0.04275604138675227,0.24128483184172467,0.15962396250002409,0.04388042428134889,0.7851229912689526,0.21032434214434806,0.059908037542879364,9.0,0.0,9.0,0.0,0.7851229912689526,0.21032434214434806,0.7851229912689526,0.21032434214434806,0.26218970921126067,0.16418221881627199,0.24725498436278412,0.1654286643818521,0.24128483184172467,0.15962396250002409,0.0,0.0,0.0,0.26218970921126067,0.16418221881627199,0.24725498436278412,0.1654286643818521,0.24128483184172467,0.15962396250002409
C:\Users\arech\repos\novel_concept_learning_fMRI\experimental_task\task_designs\v5-9cat\session-1\v5-9cat_sub-023_sess-1_3event.csv,session-1/v5-9cat_sub-023_sess-1_3event.csv,,2864064953169103,1010.4906743909769,0,C:\Users\arech\repos\novel_concept_learning_fMRI\experimental_task\task_designs\v5-9cat_top5\session-1\v5-9cat_sub-023_sess-1_3event_rank01_seed2864064953169103_obj1010.4907.csv,uniform,uniform,0.5,1.5,1.0,1.5,2.0,2.0,0.26486338897720707,0.15989889877514474,0.04346005874151501,0.24963787399513826,0.1640282778478693,0.044624156418586344,0.27209314441800275,0.16290518462937306,0.04521501291472887,0.27277902858532005,0.1644831029859099,0.046059512456683604,0.23908616156943988,0.15650140607813473,0.04286594527063325,0.24262997159965777,0.1587847804137545,0.04383507252813941,0.7790782184368747,0.21224639286959188,0.060278503375729334,9.88888888888889,0.0,9.88888888888889,0.0,0.7790782184368747,0.21224639286959188,0.7790782184368747,0.21224639286959188,0.24963787399513826,0.1640282778478693,0.27277902858532005,0.1644831029859099,0.24262997159965777,0.1587847804137545,0.0,0.0,0.0,0.24963787399513826,0.1640282778478693,0.27277902858532005,0.1644831029859099,0.24262997159965777,0.1587847804137545
C:\Users\arech\repos\novel_concept_learning_fMRI\experimental_task\task_designs\v5-9cat\session-1\v5-9cat_sub-024_sess-1_3event.csv,session-1/v5-9cat_sub-024_sess-1_3event.csv,,3767054215128766,1010.488951392988,0,C:\Users\arech\repos\novel_concept_learning_fMRI\experimental_task\task_designs\v5-9cat_top5\session-1\v5-9cat_sub-024_sess-1_3event_rank01_seed3767054215128766_obj1010.4890.csv,uniform,uniform,0.5,1.5,1.0,1.5,2.0,2.0,0.26465818134748126,0.15848683780276662,0.04349311694762951,0.246602451854855,0.16388467355667566,0.04450436152203942,0.253757346890411,0.15950605384337913,0.04523772086791303,0.2552809659662077,0.16426141875936398,0.04605137988537074,0.23772007521173846,0.15738772779587723,0.042928543438930496,0.24427046782732956,0.159535236286169,0.043880885849234885,0.7832938515345796,0.20841557833182847,0.060323934074560256,9.88888888888889,0.0,9.88888888888889,0.0,0.7832938515345796,0.20841557833182847,0.7832938515345796,0.20841557833182847,0.246602451854855,0.16388467355667566,0.2552809659662077,0.16426141875936398,0.24427046782732956,0.159535236286169,0.0,0.0,0.0,0.246602451854855,0.16388467355667566,0.2552809659662077,0.16426141875936398,0.24427046782732956,0.159535236286169
C:\Users\arech\repos\novel_concept_learning_fMRI\experimental_task\task_designs\v5-9cat\session-1\v5-9cat_sub-025_sess-1_3event.csv,session-1/v5-9cat_sub-025_sess-1_3event.csv,,929697311083715,1010.490515738332,0,C:\Users\arech\repos\novel_concept_learning_fMRI\experimental_task\task_designs\v5-9cat_top5\session-1\v5-9cat_sub-025_sess-1_3event_rank01_seed929697311083715_obj1010.4905.csv,uniform,uniform,0.5,1.5,1.0,1.5,2.0,2.0,0.26694778676015035,0.1607970033393011,0.04348693811361948,0.24794702892132564,0.16689065474978182,0.044578833926006964,0.2455183435097827,0.16486479983981192,0.045248179732222754,0.2552521244692507,0.16670763790918583,0.046053611506539666,0.24203860289068926,0.16262923985205063,0.04292454632122693,0.2549155389642158,0.15989445015767587,0.043829259580673643,0.7835755352006611,0.20983908184266403,0.060081972589088345,9.88888888888889,0.0,9.88888888888889,0.0,0.7835755352006611,0.20983908184266403,0.7835755352006611,0.20983908184266403,0.24794702892132564,0.16689065474978182,0.2552521244692507,0.16670763790918583,0.2549155389642158,0.15989445015767587,0.0,0.0,0.0,0.24794702892132564,0.16689065474978182,0.2552521244692507,0.16670763790918583,0.2549155389642158,0.15989445015767587
C:\Users\arech\repos\novel_concept_learning_fMRI\experimental_task\task_designs\v5-9cat\session-1\v5-9cat_sub-026_sess-1_3event.csv,session-1/v5-9cat_sub-026_sess-1_3event.csv,,2487001783983269,1009.6034697226268,0,C:\Users\arech\repos\novel_concept_learning_fMRI\experimental_task\task_designs\v5-9cat_top5\session-1\v5-9cat_sub-026_sess-1_3event_rank01_seed2487001783983269_obj1009.6035.csv,uniform,uniform,0.5,1.5,1.0,1.5,2.0,2.0,0.2633678030554146,0.15891019489232244,0.043620857295639734,0.2506104340574908,0.16242707581158422,0.04468375351316439,0.2674494109350207,0.1611479580539774,0.045359150695247416,0.2669324034387647,0.16216597699325108,0.04618072785533956,0.24043973761475868,0.15976262349235937,0.043019207166000085,0.24234857868116413,0.16020631091466483,0.043915562722097956,0.7796280132055251,0.2136557160239725,0.06035699656668299,9.0,0.0,9.0,0.0,0.7796280132055251,0.2136557160239725,0.7796280132055251,0.2136557160239725,0.2506104340574908,0.16242707581158422,0.2669324034387647,0.16216597699325108,0.24234857868116413,0.16020631091466483,0.0,0.0,0.0,0.2506104340574908,0.16242707581158422,0.2669324034387647,0.16216597699325108,0.24234857868116413,0.16020631091466483
C:\Users\arech\repos\novel_concept_learning_fMRI\experimental_task\task_designs\v5-9cat\session-1\v5-9cat_sub-027_sess-1_3event.csv,session-1/v5-9cat_sub-027_sess-1_3event.csv,,1138627362872323,1010.4894381628905,0,C:\Users\arech\repos\novel_concept_learning_fMRI\experimental_task\task_designs\v5-9cat_top5\session-1\v5-9cat_sub-027_sess-1_3event_rank01_seed1138627362872323_obj1010.4894.csv,uniform,uniform,0.5,1.5,1.0,1.5,2.0,2.0,0.2735999466490154,0.15928119070150892,0.043319911765239694,0.24824273755164075,0.1611398175919732,0.04435680581555082,0.2574863056054793,0.1587758851988601,0.045121352737161044,0.2596638459621867,0.16421020404407843,0.04599734516268351,0.23492602752119693,0.15636348161073232,0.04275378631715203,0.23928991892828055,0.15843309177118692,0.04374265760907678,0.7809455320044915,0.21007650799927363,0.059752489159510605,9.88888888888889,0.0,9.88888888888889,0.0,0.7809455320044915,0.21007650799927363,0.7809455320044915,0.21007650799927363,0.24824273755164075,0.1611398175919732,0.2596638459621867,0.16421020404407843,0.23928991892828055,0.15843309177118692,0.0,0.0,0.0,0.24824273755164075,0.1611398175919732,0.2596638459621867,0.16421020404407843,0.23928991892828055,0.15843309177118692
C:\Users\arech\repos\novel_concept_learning_fMRI\experimental_task\task_designs\v5-9cat\session-1\v5-9cat_sub-028_sess-1_3event.csv,session-1/v5-9cat_sub-028_sess-1_3event.csv,,4297489892782,1009.5996070183438,0,C:\Users\arech\repos\novel_concept_learning_fMRI\experimental_task\task_designs\v5-9cat_top5\session-1\v5-9cat_sub-028_sess-1_3event_rank01_seed4297489892782_obj1009.5996.csv,uniform,uniform,0.5,1.5,1.0,1.5,2.0,2.0,0.26430533952360913,0.1612058866474757,0.04334924454942621,0.24497180146431627,0.1665908142833094,0.04438828533605238,0.2590895334004123,0.16072952576427024,0.0451069627297302,0.25929794607473916,0.1632520936357679,0.045945627588709285,0.24063390728462195,0.15534122660861352,0.042786191238716124,0.2515031100436933,0.15962744447962463,0.0437625120003672,0.784721211631207,0.20724641252817005,0.05995755666634457,9.000000000000004,0.0,9.000000000000004,0.0,0.784721211631207,0.20724641252817005,0.784721211631207,0.20724641252817005,0.24497180146431627,0.1665908142833094,0.25929794607473916,0.1632520936357679,0.2515031100436933,0.15962744447962463,0.0,0.0,0.0,0.24497180146431627,0.1665908142833094,0.25929794607473916,0.1632520936357679,0.2515031100436933,0.15962744447962463
C:\Users\arech\repos\novel_concept_learning_fMRI\experimental_task\task_designs\v5-9cat\session-1\v5-9cat_sub-029_sess-1_3event.csv,session-1/v5-9cat_sub-029_sess-1_3event.csv,,3617799618366609,1009.6011750274747,0,C:\Users\arech\repos\novel_concept_learning_fMRI\experimental_task\task_designs\v5-9cat_top5\session-1\v5-9cat_sub-029_sess-1_3event_rank01_seed3617799618366609_obj1009.6012.csv,uniform,uniform,0.5,1.5,1.0,1.5,2.0,2.0,0.2645701803128737,0.16025862761618145,0.04352965385489331,0.2488264710138917,0.16250884708482066,0.04452579939090407,0.2620516111978077,0.1633068769219862,0.04528795457914682,0.2638034338113205,0.16676002973292786,0.04607360577118287,0.2321850709405044,0.15791010073288597,0.04297525131688115,0.24101666632720373,0.16091104942960804,0.043844650819597736,0.781457354256264,0.21044635034654827,0.06031271564906783,9.000000000000002,0.0,9.000000000000002,0.0,0.781457354256264,0.21044635034654827,0.781457354256264,0.21044635034654827,0.2488264710138917,0.16250884708482066,0.2638034338113205,0.16676002973292786,0.24101666632720373,0.16091104942960804,0.0,0.0,0.0,0.2488264710138917,0.16250884708482066,0.2638034338113205,0.16676002973292786,0.24101666632720373,0.16091104942960804
C:\Users\arech\repos\novel_concept_learning_fMRI\experimental_task\task_designs\v5-9cat\session-1\v5-9cat_sub-030_sess-1_3event.csv,session-1/v5-9cat_sub-030_sess-1_3event.csv,,1820838684499737,1010.4921225091621,0,C:\Users\arech\repos\novel_concept_learning_fMRI\experimental_task\task_designs\v5-9cat_top5\session-1\v5-9cat_sub-030_sess-1_3event_rank01_seed1820838684499737_obj1010.4921.csv,uniform,uniform,0.5,1.5,1.0,1.5,2.0,2.0,0.2637324347194336,0.1606050289248966,0.043436056396834705,0.2501531433465852,0.1605433200184057,0.04447522688527925,0.2770886814237524,0.16371791545783418,0.04517283461974523,0.2770015464484661,0.16959102635102452,0.04604976047088484,0.23453879988227755,0.15811046282026284,0.042859528409805,0.23887107003431182,0.15740040841472744,0.04382305087284241,0.7836621217634435,0.21140255939145364,0.05995285973051987,9.888888888888888,0.0,9.888888888888888,0.0,0.7836621217634435,0.21140255939145364,0.7836621217634435,0.21140255939145364,0.2501531433465852,0.1605433200184057,0.2770015464484661,0.16959102635102452,0.23887107003431182,0.15740040841472744,0.0,0.0,0.0,0.2501531433465852,0.1605433200184057,0.2770015464484661,0.16959102635102452,0.23887107003431182,0.15740040841472744
C:\Users\arech\repos\novel_concept_learning_fMRI\experimental_task\task_designs\v5-9cat\session-1\v5-9cat_sub-031_sess-1_3event.csv,session-1/v5-9cat_sub-031_sess-1_3event.csv,,3143981685917054,1011.377829007683,0,C:\Users\arech\repos\novel_concept_learning_fMRI\experimental_task\task_designs\v5-9cat_top5\session-1\v5-9cat_sub-031_sess-1_3event_rank01_seed3143981685917054_obj1011.3778.csv,uniform,uniform,0.5,1.5,1.0,1.5,2.0,2.0,0.2619382452894486,0.1676308975845314,0.043354846913007464,0.24105970193601026,0.17149711852554014,0.04428484367212992,0.2511435861547459,0.16570241597139382,0.04513666782806023,0.258661496435533,0.16835197783985661,0.04587153329491023,0.23926351372250174,0.16625574474412902,0.042755350116834616,0.25032064835968376,0.16747048478728319,0.04352700455579153,0.7838830765832272,0.20810969161349732,0.05977776305889736,10.77777777777778,0.0,10.77777777777778,0.0,0.7838830765832272,0.20810969161349732,0.7838830765832272,0.20810969161349732,0.24105970193601026,0.17149711852554014,0.258661496435533,0.16835197783985661,0.25032064835968376,0.16747048478728319,0.0,0.0,0.0,0.24105970193601026,0.17149711852554014,0.258661496435533,0.16835197783985661,0.25032064835968376,0.16747048478728319
C:\Users\arech\repos\novel_concept_learning_fMRI\experimental_task\task_designs\v5-9cat\session-1\v5-9cat_sub-032_sess-1_3event.csv,session-1/v5-9cat_sub-032_sess-1_3event.csv,,406042617124432,1010.4890557851339,0,C:\Users\arech\repos\novel_concept_learning_fMRI\experimental_task\task_designs\v5-9cat_top5\session-1\v5-9cat_sub-032_sess-1_3event_rank01_seed406042617124432_obj1010.4891.csv,uniform,uniform,0.5,1.5,1.0,1.5,2.0,2.0,0.2621621614632802,0.16243253260532753,0.04344243391173516,0.2532682541592192,0.1644870716927681,0.04443340198583867,0.2661290500724493,0.1569383090649719,0.04518933215386826,0.2670943011451048,0.161009614510157,0.045887732393593825,0.2529169664735821,0.15687600927616413,0.04283481960068662,0.2573142375812436,0.1594517175746068,0.043651095652665325,0.7830783262146561,0.20862773313771762,0.05998533803621721,9.88888888888889,0.0,9.88888888888889,0.0,0.7830783262146561,0.20862773313771762,0.7830783262146561,0.20862773313771762,0.2532682541592192,0.1644870716927681,0.2670943011451048,0.161009614510157,0.2573142375812436,0.1594517175746068,0.0,0.0,0.0,0.2532682541592192,0.1644870716927681,0.2670943011451048,0.161009614510157,0.2573142375812436,0.1594517175746068
C:\Users\arech\repos\novel_concept_learning_fMRI\experimental_task\task_designs\v5-9cat\session-1\v5-9cat_sub-033_sess-1_3event.csv,session-1/v5-9cat_sub-033_sess-1_3event.csv,,3486604362781813,1009.6008775055752,0,C:\Users\arech\repos\novel_concept_learning_fMRI\experimental_task\task_designs\v5-9cat_top5\session-1\v5-9cat_sub-033_sess-1_3event_rank01_seed3486604362781813_obj1009.6009.csv,uniform,uniform,0.5,1.5,1.0,1.5,2.0,2.0,0.26880191430109146,0.1601248772631618,0.04349649400289435,0.24242558656452243,0.1643858860466172,0.044579282158732456,0.2648563549375592,0.16025985061146786,0.045242053264769,0.26711335011540055,0.16427304559468928,0.046024395640950795,0.22573283620520823,0.15694805850099092,0.04286443070727982,0.23511518721923763,0.16043046938299999,0.04378979876828218,0.7833635191119243,0.20919574601930876,0.060133159225961776,9.000000000000002,0.0,9.000000000000002,0.0,0.7833635191119243,0.20919574601930876,0.7833635191119243,0.20919574601930876,0.24242558656452243,0.1643858860466172,0.26711335011540055,0.16427304559468928,0.23511518721923763,0.16043046938299999,0.0,0.0,0.0,0.24242558656452243,0.1643858860466172,0.26711335011540055,0.16427304559468928,0.23511518721923763,0.16043046938299999
C:\Users\arech\repos\novel_concept_learning_fMRI\experimental_task\task_designs\v5-9cat\session-1\v5-9cat_sub-034_sess-1_3event.csv,session-1/v5-9cat_sub-034_sess-1_3event.csv,,2247086713240152,1008.7124780535377,0,C:\Users\arech\repos\novel_concept_learning_fMRI\experimental_task\task_designs\v5-9cat_top5\session-1\v5-9cat_sub-034_sess-1_3event_rank01_seed2247086713240152_obj1008.7125.csv,uniform,uniform,0.5,1.5,1.0,1.5,2.0,2.0,0.2548588481282497,0.16113009905714692,0.04333768029380795,0.24573233132093228,0.16569855482783552,0.04443462963556612,0.24863520324619143,0.1615001349866948,0.04509480090360593,0.25607407101073415,0.16307257968409744,0.04593989478080955,0.23564118652210034,0.1593477750815157,0.042761904578357365,0.23755292400314584,0.16116815655474132,0.04378475507809758,0.7839565802558406,0.20938865229862857,0.05997444172465723,8.111111111111112,0.0,8.111111111111112,0.0,0.7839565802558406,0.20938865229862857,0.7839565802558406,0.20938865229862857,0.24573233132093228,0.16569855482783552,0.25607407101073415,0.16307257968409744,0.23755292400314584,0.16116815655474132,0.0,0.0,0.0,0.24573233132093228,0.16569855482783552,0.25607407101073415,0.16307257968409744,0.23755292400314584,0.16116815655474132
C:\Users\arech\repos\novel_concept_learning_fMRI\experimental_task\task_designs\v5-9cat\session-1\v5-9cat_sub-035_sess-1_3event.csv,session-1/v5-9cat_sub-035_sess-1_3event.csv,,1376602269794687,1010.4916475018322,0,C:\Users\arech\repos\novel_concept_learning_fMRI\experimental_task\task_designs\v5-9cat_top5\session-1\v5-9cat_sub-035_sess-1_3event_rank01_seed1376602269794687_obj1010.4916.csv,uniform,uniform,0.5,1.5,1.0,1.5,2.0,2.0,0.26212007317231567,0.16520141026976548,0.043556347439260054,0.25281887503192585,0.16771168483454924,0.04454607814384126,0.2805004656429657,0.15982173767810307,0.04531327129280181,0.2783290634648496,0.1664710214022836,0.04608440502240897,0.24751861480133486,0.16382462051961788,0.04295471241664922,0.25086213116878986,0.16358241217645353,0.043840372606134825,0.7832256577302643,0.2111457840781283,0.06030227087101084,9.88888888888889,0.0,9.88888888888889,0.0,0.7832256577302643,0.2111457840781283,0.7832256577302643,0.2111457840781283,0.25281887503192585,0.16771168483454924,0.2783290634648496,0.1664710214022836,0.25086213116878986,0.16358241217645353,0.0,0.0,0.0,0.25281887503192585,0.16771168483454924,0.2783290634648496,0.1664710214022836,0.25086213116878986,0.16358241217645353
C:\Users\arech\repos\novel_concept_learning_fMRI\experimental_task\task_designs\v5-9cat\session-1\v5-9cat_sub-036_sess-1_3event.csv,session-1/v5-9cat_sub-036_sess-1_3event.csv,,4049333832965079,1010.4889675990426,0,C:\Users\arech\repos\novel_concept_learning_fMRI\experimental_task\task_designs\v5-9cat_top5\session-1\v5-9cat_sub-036_sess-1_3event_rank01_seed4049333832965079_obj1010.4890.csv,uniform,uniform,0.5,1.5,1.0,1.5,2.0,2.0,0.2519991606140267,0.1636086046078094,0.043454847832140577,0.2518838449505131,0.17207485672162828,0.04442214021695922,0.26372735629116156,0.1620861862513363,0.04518387242225738,0.26142196776358306,0.1645876935093366,0.04594702277757666,0.24108186375979365,0.16253057918403285,0.0428580960311227,0.2482084144305078,0.16477820800790088,0.043820639176921514,0.7841076382833125,0.20802489101193547,0.06011995855842367,9.888888888888891,0.0,9.888888888888891,0.0,0.7841076382833125,0.20802489101193547,0.7841076382833125,0.20802489101193547,0.2518838449505131,0.17207485672162828,0.26142196776358306,0.1645876935093366,0.2482084144305078,0.16477820800790088,0.0,0.0,0.0,0.2518838449505131,0.17207485672162828,0.26142196776358306,0.1645876935093366,0.2482084144305078,0.16477820800790088
C:\Users\arech\repos\novel_concept_learning_fMRI\experimental_task\task_designs\v5-9cat\session-1\v5-9cat_sub-037_sess-1_3event.csv,session-1/v5-9cat_sub-037_sess-1_3event.csv,,649676330023544,1008.7132762905212,0,C:\Users\arech\repos\novel_concept_learning_fMRI\experimental_task\task_designs\v5-9cat_top5\session-1\v5-9cat_sub-037_sess-1_3event_rank01_seed649676330023544_obj1008.7133.csv,uniform,uniform,0.5,1.5,1.0,1.5,2.0,2.0,0.2562100143074141,0.16486585273232554,0.0434979650213134,0.25060251121841454,0.1656656955770185,0.04453277829712648,0.24966607955290285,0.16113177557227504,0.04520610364919288,0.25290601345807207,0.16433477413891198,0.04597881317351107,0.23901982895944332,0.16196849434103228,0.042843834173880796,0.2510023277243581,0.16819547198557463,0.043745490819246155,0.7827380843740815,0.21079613722304943,0.0600618887832884,8.11111111111111,0.0,8.11111111111111,0.0,0.7827380843740815,0.21079613722304943,0.7827380843740815,0.21079613722304943,0.25060251121841454,0.1656656955770185,0.25290601345807207,0.16433477413891198,0.2510023277243581,0.16819547198557463,0.0,0.0,0.0,0.25060251121841454,0.1656656955770185,0.25290601345807207,0.16433477413891198,0.2510023277243581,0.16819547198557463
C:\Users\arech\repos\novel_concept_learning_fMRI\experimental_task\task_designs\v5-9cat\session-1\v5-9cat_sub-038_sess-1_3event.csv,session-1/v5-9cat_sub-038_sess-1_3event.csv,,1697037350097004,1008.7095916630501,0,C:\Users\arech\repos\novel_concept_learning_fMRI\experimental_task\task_designs\v5-9cat_top5\session-1\v5-9cat_sub-038_sess-1_3event_rank01_seed1697037350097004_obj1008.7096.csv,uniform,uniform,0.5,1.5,1.0,1.5,2.0,2.0,0.2701686637218822,0.1635215383093903,0.043274229806195164,0.24186099492438323,0.1685677611836038,0.0444043276492863,0.25895056004909084,0.16226898262430517,0.04498233693791996,0.25959126836444524,0.1660771952549015,0.04580900805266737,0.2223222835492766,0.1595949248202709,0.042606497799203495,0.23481458684061746,0.16046217727462173,0.04350994683630191,0.7803895221025816,0.2082857908876834,0.05974625795312968,8.111111111111112,0.0,8.111111111111112,0.0,0.7803895221025816,0.2082857908876834,0.7803895221025816,0.2082857908876834,0.24186099492438323,0.1685677611836038,0.25959126836444524,0.1660771952549015,0.23481458684061746,0.16046217727462173,0.0,0.0,0.0,0.24186099492438323,0.1685677611836038,0.25959126836444524,0.1660771952549015,0.23481458684061746,0.16046217727462173
C:\Users\arech\repos\novel_concept_learning_fMRI\experimental_task\task_designs\v5-9cat\session-1\v5-9cat_sub-039_sess-1_3event.csv,session-1/v5-9cat_sub-039_sess-1_3event.csv,,2999208768599345,1009.5972765250625,0,C:\Users\arech\repos\novel_concept_learning_fMRI\experimental_task\task_designs\v5-9cat_top5\session-1\v5-9cat_sub-039_sess-1_3event_rank01_seed2999208768599345_obj1009.5973.csv,uniform,uniform,0.5,1.5,1.0,1.5,2.0,2.0,0.2589709368767738,0.1604718190110213,0.04345664884667972,0.23516288714497022,0.16137810116622997,0.0445144211531862,0.23287942447181953,0.16130559899245872,0.0451706338660521,0.23895045676218404,0.16162274838273577,0.04600379096341558,0.22985497945839803,0.15708695339294154,0.042850242424359156,0.23487401718624984,0.1585431208347104,0.04375539234605459,0.7793667533993272,0.20759314836289058,0.06019662707560982,9.0,0.0,9.0,0.0,0.7793667533993272,0.20759314836289058,0.7793667533993272,0.20759314836289058,0.23516288714497022,0.16137810116622997,0.23895045676218404,0.16162274838273577,0.23487401718624984,0.1585431208347104,0.0,0.0,0.0,0.23516288714497022,0.16137810116622997,0.23895045676218404,0.16162274838273577,0.23487401718624984,0.1585431208347104
C:\Users\arech\repos\novel_concept_learning_fMRI\experimental_task\task_designs\v5-9cat\session-1\v5-9cat_sub-040_sess-1_3event.csv,session-1/v5-9cat_sub-040_sess-1_3event.csv,,2378379060115825,1010.4896823342897,0,C:\Users\arech\repos\novel_concept_learning_fMRI\experimental_task\task_designs\v5-9cat_top5\session-1\v5-9cat_sub-040_sess-1_3event_rank01_seed2378379060115825_obj1010.4897.csv,uniform,uniform,0.5,1.5,1.0,1.5,2.0,2.0,0.27932618969692097,0.1633056687157809,0.0436109854804414,0.2510812378615944,0.16526996670970912,0.04455708048140709,0.2696990602895806,0.15965032085362812,0.04534455172160119,0.2667928610819375,0.16220976217878638,0.04607524188233949,0.23398320181707077,0.15947094046243648,0.04300911972824984,0.2471465793382704,0.16299328770058985,0.04385700580090984,0.7801019635544112,0.2107424636236123,0.06048386919957731,9.88888888888889,0.0,9.88888888888889,0.0,0.7801019635544112,0.2107424636236123,0.7801019635544112,0.2107424636236123,0.2510812378615944,0.16526996670970912,0.2667928610819375,0.16220976217878638,0.2471465793382704,0.16299328770058985,0.0,0.0,0.0,0.2510812378615944,0.16526996670970912,0.2667928610819375,0.16220976217878638,0.2471465793382704,0.16299328770058985
C:\Users\arech\repos\novel_concept_learning_fMRI\experimental_task\task_designs\v5-9cat\session-2\v5-9cat_sub-001_sess-2_3event.csv,session-2/v5-9cat_sub-001_sess-2_3event.csv,,3900818035419488,1008.7135272372799,0,C:\Users\arech\repos\novel_concept_learning_fMRI\experimental_task\task_designs\v5-9cat_top5\session-2\v5-9cat_sub-001_sess-2_3event_rank01_seed3900818035419488_obj1008.7135.csv,uniform,uniform,0.5,1.5,1.0,1.5,2.0,2.0,0.2656498895830237,0.15583757285099886,0.0442604677850543,0.24852930894624353,0.15892965630031705,0.04536847125354294,0.26107615877543655,0.1618499527284561,0.0454458869966757,0.26031021700154067,0.16235998326256523,0.046362364353701835,0.23500305917869047,0.15563055761458927,0.04370939802757524,0.23850500468001126,0.1587277516280975,0.04472742096820801,0.7811064541699062,0.2118628990838604,0.06225677988732348,8.111111111111112,0.0,8.111111111111112,0.0,0.7811064541699062,0.2118628990838604,0.7811064541699062,0.2118628990838604,0.24852930894624353,0.15892965630031705,0.26031021700154067,0.16235998326256523,0.23850500468001126,0.1587277516280975,0.0,0.0,0.0,0.24852930894624353,0.15892965630031705,0.26031021700154067,0.16235998326256523,0.23850500468001126,0.1587277516280975
C:\Users\arech\repos\novel_concept_learning_fMRI\experimental_task\task_designs\v5-9cat\session-2\v5-9cat_sub-002_sess-2_3event.csv,session-2/v5-9cat_sub-002_sess-2_3event.csv,,1272389885158292,1010.4888919076197,0,C:\Users\arech\repos\novel_concept_learning_fMRI\experimental_task\task_designs\v5-9cat_top5\session-2\v5-9cat_sub-002_sess-2_3event_rank01_seed1272389885158292_obj1010.4889.csv,uniform,uniform,0.5,1.5,1.0,1.5,2.0,2.0,0.2415190929801281,0.15637047964057266,0.04413182859319988,0.2317531487677147,0.1612113125296291,0.04530639378262078,0.2347127586880412,0.16149375665650298,0.04528429221215006,0.24611931994073244,0.16388477869893986,0.04616942340697203,0.2267958829986659,0.1570195891355204,0.043610092293807225,0.24631310878045407,0.15911004089632932,0.04465092718961974,0.7806250163721615,0.20969051054472737,0.062087697001366904,9.88888888888889,0.0,9.88888888888889,0.0,0.7806250163721615,0.20969051054472737,0.7806250163721615,0.20969051054472737,0.2317531487677147,0.1612113125296291,0.24611931994073244,0.16388477869893986,0.24631310878045407,0.15911004089632932,0.0,0.0,0.0,0.2317531487677147,0.1612113125296291,0.24611931994073244,0.16388477869893986,0.24631310878045407,0.15911004089632932
C:\Users\arech\repos\novel_concept_learning_fMRI\experimental_task\task_designs\v5-9cat\session-2\v5-9cat_sub-003_sess-2_3event.csv,session-2/v5-9cat_sub-003_sess-2_3event.csv,,2620764418269711,1010.4898885377213,0,C:\Users\arech\repos\novel_concept_learning_fMRI\experimental_task\task_designs\v5-9cat_top5\session-2\v5-9cat_sub-003_sess-2_3event_rank01_seed2620764418269711_obj1010.4899.csv,uniform,uniform,0.5,1.5,1.0,1.5,2.0,2.0,0.24938554023595116,0.156618712111613,0.044417853621288104,0.2321944907702211,0.16069999050710793,0.045682640946975196,0.24440531994279455,0.16134536696940988,0.04556828989526235,0.2571532763200024,0.16545979776082081,0.046577926514909884,0.22969931017908332,0.15620089002490406,0.04388860552901375,0.24177773917996112,0.15792945000271763,0.0450055232850346,0.7815608077228102,0.21021924497097957,0.06265852337857958,9.88888888888889,0.0,9.88888888888889,0.0,0.7815608077228102,0.21021924497097957,0.7815608077228102,0.21021924497097957,0.2321944907702211,0.16069999050710793,0.2571532763200024,0.16545979776082081,0.24177773917996112,0.15792945000271763,0.0,0.0,0.0,0.2321944907702211,0.16069999050710793,0.2571532763200024,0.16545979776082081,0.24177773917996112,0.15792945000271763
C:\Users\arech\repos\novel_concept_learning_fMRI\experimental_task\task_designs\v5-9cat\session-2\v5-9cat_sub-004_sess-2_3event.csv,session-2/v5-9cat_sub-004_sess-2_3event.csv,,3591062300154769,1009.6029074242867,0,C:\Users\arech\repos\novel_concept_learning_fMRI\experimental_task\task_designs\v5-9cat_top5\session-2\v5-9cat_sub-004_sess-2_3event_rank01_seed3591062300154769_obj1009.6029.csv,uniform,uniform,0.5,1.5,1.0,1.5,2.0,2.0,0.2598170808672231,0.15959360346196888,0.044232558096583545,0.2349488119483359,0.161345992707988,0.04558086226529882,0.24681139019296533,0.1679387564953167,0.04538218939651928,0.2472789443740633,0.16912775639562633,0.04660437692720876,0.2188110067120031,0.1579653714240371,0.043637143711106365,0.23194519989371556,0.1599015272501201,0.044855040938681374,0.7811090821070535,0.21235288323318183,0.062289952694446725,9.000000000000002,0.0,9.000000000000002,0.0,0.7811090821070535,0.21235288323318183,0.7811090821070535,0.21235288323318183,0.2349488119483359,0.161345992707988,0.2472789443740633,0.16912775639562633,0.23194519989371556,0.1599015272501201,0.0,0.0,0.0,0.2349488119483359,0.161345992707988,0.2472789443740633,0.16912775639562633,0.23194519989371556,0.1599015272501201
C:\Users\arech\repos\novel_concept_learning_fMRI\experimental_task\task_designs\v5-9cat\session-2\v5-9cat_sub-005_sess-2_3event.csv,session-2/v5-9cat_sub-005_sess-2_3event.csv,,32086463259554,1009.6013763495993,0,C:\Users\arech\repos\novel_concept_learning_fMRI\experimental_task\task_designs\v5-9cat_top5\session-2\v5-9cat_sub-005_sess-2_3event_rank01_seed32086463259554_obj1009.6014.csv,uniform,uniform,0.5,1.5,1.0,1.5,2.0,2.0,0.262615504217686,0.158458370389903,0.04439353837039234,0.2522670014086106,0.15813614326040945,0.04558618782274465,0.2660311779063356,0.15831605777776314,0.04554997683375204,0.2659292549341858,0.1635972819664917,0.04656240482580457,0.23967196091115725,0.15314501453139595,0.04383882449194693,0.2577500106897356,0.15584821741482036,0.04497826212037473,0.7828382769128842,0.2099572111428353,0.06251360877202657,9.0,0.0,9.0,0.0,0.7828382769128842,0.2099572111428353,0.7828382769128842,0.2099572111428353,0.2522670014086106,0.15813614326040945,0.2659292549341858,0.1635972819664917,0.2577500106897356,0.15584821741482036,0.0,0.0,0.0,0.2522670014086106,0.15813614326040945,0.2659292549341858,0.1635972819664917,0.2577500106897356,0.15584821741482036
C:\Users\arech\repos\novel_concept_learning_fMRI\experimental_task\task_designs\v5-9cat\session-2\v5-9cat_sub-006_sess-2_3event.csv,session-2/v5-9cat_sub-006_sess-2_3event.csv,,2730442741303797,1010.4926425006813,0,C:\Users\arech\repos\novel_concept_learning_fMRI\experimental_task\task_designs\v5-9cat_top5\session-2\v5-9cat_sub-006_sess-2_3event_rank01_seed2730442741303797_obj1010.4926.csv,uniform,uniform,0.5,1.5,1.0,1.5,2.0,2.0,0.2549407371143544,0.15382635331181738,0.04439519707847566,0.22951080059427342,0.1607822955533881,0.045631451110145986,0.25151435369416236,0.16040440046172855,0.045514893549820405,0.25569495022129873,0.16358590104569692,0.04640131694836299,0.223219272444906,0.15432784481821357,0.04379405605182076,0.23479851588553494,0.15733957348977304,0.04479551859057324,0.7833635725990187,0.2120718254928381,0.06261822799447878,9.88888888888889,0.0,9.88888888888889,0.0,0.7833635725990187,0.2120718254928381,0.7833635725990187,0.2120718254928381,0.22951080059427342,0.1607822955533881,0.25569495022129873,0.16358590104569692,0.23479851588553494,0.15733957348977304,0.0,0.0,0.0,0.22951080059427342,0.1607822955533881,0.25569495022129873,0.16358590104569692,0.23479851588553494,0.15733957348977304
C:\Users\arech\repos\novel_concept_learning_fMRI\experimental_task\task_designs\v5-9cat\session-2\v5-9cat_sub-007_sess-2_3event.csv,session-2/v5-9cat_sub-007_sess-2_3event.csv,,1969075905210404,1010.489803841285,0,C:\Users\arech\repos\novel_concept_learning_fMRI\experimental_task\task_designs\v5-9cat_top5\session-2\v5-9cat_sub-007_sess-2_3event_rank01_seed1969075905210404_obj1010.4898.csv,uniform,uniform,0.5,1.5,1.0,1.5,2.0,2.0,0.2555226964785053,0.1577172983583379,0.04430732509679796,0.23663831790725515,0.16039860636314762,0.04552626663318051,0.23787445910175226,0.15995612258997322,0.04542492999982281,0.24170369526083033,0.1627857169461615,0.04632088379355128,0.23623416837700242,0.15580730787920194,0.04374829623433341,0.24782508272131226,0.15957977334924123,0.04485655992254909,0.7802388652991288,0.21079551974657626,0.06253524703352752,9.88888888888889,0.0,9.88888888888889,0.0,0.7802388652991288,0.21079551974657626,0.7802388652991288,0.21079551974657626,0.23663831790725515,0.16039860636314762,0.24170369526083033,0.1627857169461615,0.24782508272131226,0.15957977334924123,0.0,0.0,0.0,0.23663831790725515,0.16039860636314762,0.24170369526083033,0.1627857169461615,0.24782508272131226,0.15957977334924123
C:\Users\arech\repos\novel_concept_learning_fMRI\experimental_task\task_designs\v5-9cat\session-2\v5-9cat_sub-008_sess-2_3event.csv,session-2/v5-9cat_sub-008_sess-2_3event.csv,,918688804058609,1009.6040246386392,0,C:\Users\arech\repos\novel_concept_learning_fMRI\experimental_task\task_designs\v5-9cat_top5\session-2\v5-9cat_sub-008_sess-2_3event_rank01_seed918688804058609_obj1009.6040.csv,uniform,uniform,0.5,1.5,1.0,1.5,2.0,2.0,0.25483599364216164,0.1621633821859126,0.04431425216285856,0.25173484821907877,0.16527141872686696,0.04539409143488082,0.24472712976796934,0.16412443439318677,0.04548351301363521,0.25476067972486893,0.16834390070485414,0.04630126852451418,0.2346912629884658,0.15476402661709893,0.043813250985533125,0.24772578231683134,0.16135939125212984,0.044826125942211185,0.7821153702175379,0.2129669535303875,0.06237943768984148,9.000000000000002,0.0,9.000000000000002,0.0,0.7821153702175379,0.2129669535303875,0.7821153702175379,0.2129669535303875,0.25173484821907877,0.16527141872686696,0.25476067972486893,0.16834390070485414,0.24772578231683134,0.16135939125212984,0.0,0.0,0.0,0.25173484821907877,0.16527141872686696,0.25476067972486893,0.16834390070485414,0.24772578231683134,0.16135939125212984
C:\Users\arech\repos\novel_concept_learning_fMRI\experimental_task\task_designs\v5-9cat\session-2\v5-9cat_sub-009_sess-2_3event.csv,session-2/v5-9cat_sub-009_sess-2_3event.csv,,3777017211018001,1009.5998971390776,0,C:\Users\arech\repos\novel_concept_learning_fMRI\experimental_task\task_designs\v5-9cat_top5\session-2\v5-9cat_sub-009_sess-2_3event_rank01_seed3777017211018001_obj1009.5999.csv,uniform,uniform,0.5,1.5,1.0,1.5,2.0,2.0,0.25314362421225395,0.15638227634762153,0.044290653015851965,0.23680173581030253,0.16274360495303963,0.045494166999881076,0.23086471400402395,0.16372101033857578,0.045407261252226654,0.23982729449695903,0.16948207264258827,0.04629683700604567,0.217449679601007,0.15930313885394268,0.043718003265651256,0.23616052755998476,0.16007067621599347,0.04480144514639415,0.7803595090130602,0.20971738457105626,0.06227196291727554,9.000000000000002,0.0,9.000000000000002,0.0,0.7803595090130602,0.20971738457105626,0.7803595090130602,0.20971738457105626,0.23680173581030253,0.16274360495303963,0.23982729449695903,0.16948207264258827,0.23616052755998476,0.16007067621599347,0.0,0.0,0.0,0.23680173581030253,0.16274360495303963,0.23982729449695903,0.16948207264258827,0.23616052755998476,0.16007067621599347
C:\Users\arech\repos\novel_concept_learning_fMRI\experimental_task\task_designs\v5-9cat\session-2\v5-9cat_sub-010_sess-2_3event.csv,session-2/v5-9cat_sub-010_sess-2_3event.csv,,1510228309671419,1011.3785724485058,0,C:\Users\arech\repos\novel_concept_learning_fMRI\experimental_task\task_designs\v5-9cat_top5\session-2\v5-9cat_sub-010_sess-2_3event_rank01_seed1510228309671419_obj1011.3786.csv,uniform,uniform,0.5,1.5,1.0,1.5,2.0,2.0,0.2479221983504239,0.1548948516600526,0.04430480378809082,0.24503679485868649,0.16085437763824112,0.045532599662749536,0.24660554421711328,0.16080645015232803,0.045446058027662876,0.24870143684184137,0.16473576515745592,0.04639908132292145,0.21429003755372458,0.15782039521051128,0.043744221680614925,0.23357194511220206,0.15711671296493396,0.04477105858224168,0.780533150001509,0.2105280957271786,0.06244531674123191,10.777777777777779,0.0,10.777777777777779,0.0,0.780533150001509,0.2105280957271786,0.780533150001509,0.2105280957271786,0.24503679485868649,0.16085437763824112,0.24870143684184137,0.16473576515745592,0.23357194511220206,0.15711671296493396,0.0,0.0,0.0,0.24503679485868649,0.16085437763824112,0.24870143684184137,0.16473576515745592,0.23357194511220206,0.15711671296493396
C:\Users\arech\repos\novel_concept_learning_fMRI\experimental_task\task_designs\v5-9cat\session-2\v5-9cat_sub-011_sess-2_3event.csv,session-2/v5-9cat_sub-011_sess-2_3event.csv,,2380712929117362,1009.5984314920152,0,C:\Users\arech\repos\novel_concept_learning_fMRI\experimental_task\task_designs\v5-9cat_top5\session-2\v5-9cat_sub-011_sess-2_3event_rank01_seed2380712929117362_obj1009.5984.csv,uniform,uniform,0.5,1.5,1.0,1.5,2.0,2.0,0.26206020835655697,0.15670468194929088,0.04430670457870539,0.24353871839512964,0.16180511859122243,0.045604375119072484,0.24806405573389764,0.16532349348339015,0.04539470587868855,0.24604679662119813,0.17037409589305924,0.04650957344908597,0.22306353267614687,0.15626261247431783,0.043737030599067556,0.23192379128501556,0.16067730679880218,0.04501889507232782,0.7790395636744667,0.20891171017794474,0.06250358400150213,9.000000000000002,0.0,9.000000000000002,0.0,0.7790395636744667,0.20891171017794474,0.7790395636744667,0.20891171017794474,0.24353871839512964,0.16180511859122243,0.24604679662119813,0.17037409589305924,0.23192379128501556,0.16067730679880218,0.0,0.0,0.0,0.24353871839512964,0.16180511859122243,0.24604679662119813,0.17037409589305924,0.23192379128501556,0.16067730679880218
C:\Users\arech\repos\novel_concept_learning_fMRI\experimental_task\task_designs\v5-9cat\session-2\v5-9cat_sub-012_sess-2_3event.csv,session-2/v5-9cat_sub-012_sess-2_3event.csv,,783299199890772,9.600485855026138,0,C:\Users\arech\repos\novel_concept_learning_fMRI\experimental_task\task_designs\v5-9cat_top5\session-2\v5-9cat_sub-012_sess-2_3event_rank01_seed783299199890772_obj9.6005.csv,uniform,uniform,0.5,1.5,1.0,1.5,2.0,2.0,0.26365491187196916,0.16036762024132173,0.04451566620148867,0.2551772802265747,0.1623750823003583,0.04579612013588095,0.2499710190465166,0.16057134107575322,0.04561365695599497,0.2663632953511719,0.16514402768349656,0.04669093246126079,0.22362972143957677,0.1582458786516256,0.04385490105987442,0.25972408258505847,0.15806056753665612,0.04497167434652957,0.7786214704361671,0.21117511980805456,0.06291001210883637,9.0,1.0,9.0,1.0,0.7786214704361671,0.21117511980805456,0.7786214704361671,0.21117511980805456,0.2551772802265747,0.1623750823003583,0.2663632953511719,0.16514402768349656,0.25972408258505847,0.15806056753665612,0.0,0.0,0.0,0.2551772802265747,0.1623750823003583,0.2663632953511719,0.16514402768349656,0.25972408258505847,0.15806056753665612
C:\Users\arech\repos\novel_concept_learning_fMRI\experimental_task\task_designs\v5-9cat\session-2\v5-9cat_sub-013_sess-2_3event.csv,session-2/v5-9cat_sub-013_sess-2_3event.csv,,4182956558832244,14.046285341482795,0,C:\Users\arech\repos\novel_concept_learning_fMRI\experimental_task\task_designs\v5-9cat_top5\session-2\v5-9cat_sub-013_sess-2_3event_rank01_seed4182956558832244_obj14.0463.csv,uniform,uniform,0.5,1.5,1.0,1.5,2.0,2.0,0.24293836324823995,0.15850173201562195,0.04442870668854316,0.24052103972200634,0.16091859285761395,0.045697553307542486,0.2475794175342651,0.16109002473770856,0.045537557697943286,0.25876890985974865,0.16725610771395522,0.04635065361802532,0.2221703272999912,0.15608807752724085,0.04389154376408524,0.24441583779602105,0.15758080207768532,0.044888395975740625,0.7815335416166568,0.2110741262300208,0.06292031241640657,13.444444444444446,1.0,13.444444444444446,1.0,0.7815335416166568,0.2110741262300208,0.7815335416166568,0.2110741262300208,0.24052103972200634,0.16091859285761395,0.25876890985974865,0.16725610771395522,0.24441583779602105,0.15758080207768532,0.0,0.0,0.0,0.24052103972200634,0.16091859285761395,0.25876890985974865,0.16725610771395522,0.24441583779602105,0.15758080207768532
C:\Users\arech\repos\novel_concept_learning_fMRI\experimental_task\task_designs\v5-9cat\session-2\v5-9cat_sub-014_sess-2_3event.csv,session-2/v5-9cat_sub-014_sess-2_3event.csv,,3010217351625157,1009.6015507391563,0,C:\Users\arech\repos\novel_concept_learning_fMRI\experimental_task\task_designs\v5-9cat_top5\session-2\v5-9cat_sub-014_sess-2_3event_rank01_seed3010217351625157_obj1009.6016.csv,uniform,uniform,0.5,1.5,1.0,1.5,2.0,2.0,0.24597628313197745,0.15764604567692395,0.044315824157634964,0.24799705907309544,0.15741476002764668,0.045591348021315335,0.2519837055192481,0.161091917489671,0.04543684616495549,0.2569128354224949,0.16397625211360148,0.04646770203697526,0.21679004309138142,0.1562657713127924,0.043780352946738134,0.23791164895804776,0.1580493395121737,0.04495160858487279,0.7838845042573258,0.20960848702768253,0.0624905392787397,9.0,0.0,9.0,0.0,0.7838845042573258,0.20960848702768253,0.7838845042573258,0.20960848702768253,0.24799705907309544,0.15741476002764668,0.2569128354224949,0.16397625211360148,0.23791164895804776,0.1580493395121737,0.0,0.0,0.0,0.24799705907309544,0.15741476002764668,0.2569128354224949,0.16397625211360148,0.23791164895804776,0.1580493395121737
C:\Users\arech\repos\novel_concept_learning_fMRI\experimental_task\task_designs\v5-9cat\session-2\v5-9cat_sub-015_sess-2_3event.csv,session-2/v5-9cat_sub-015_sess-2_3event.csv,,1687074270207768,1009.600253035359,0,C:\Users\arech\repos\novel_concept_learning_fMRI\experimental_task\task_designs\v5-9cat_top5\session-2\v5-9cat_sub-015_sess-2_3event_rank01_seed1687074270207768_obj1009.6003.csv,uniform,uniform,0.5,1.5,1.0,1.5,2.0,2.0,0.2638499852682559,0.15631014582111186,0.04417573274867433,0.24008257218639986,0.16144556362426615,0.04548447799530314,0.26108651074761957,0.16337349806758378,0.04529386137032695,0.26110609609335744,0.1678865264014266,0.046412540530509944,0.23869070016494198,0.1546761331204612,0.04361979770351109,0.24405942571257422,0.16120105188306483,0.044819915216824054,0.778818086363691,0.21084399217707508,0.06236174082257919,9.0,0.0,9.0,0.0,0.778818086363691,0.21084399217707508,0.778818086363691,0.21084399217707508,0.24008257218639986,0.16144556362426615,0.26110609609335744,0.1678865264014266,0.24405942571257422,0.16120105188306483,0.0,0.0,0.0,0.24008257218639986,0.16144556362426615,0.26110609609335744,0.1678865264014266,0.24405942571257422,0.16120105188306483
C:\Users\arech\repos\novel_concept_learning_fMRI\experimental_task\task_designs\v5-9cat\session-2\v5-9cat_sub-016_sess-2_3event.csv,session-2/v5-9cat_sub-016_sess-2_3event.csv,,3352841210493930,1009.6009173520843,0,C:\Users\arech\repos\novel_concept_learning_fMRI\experimental_task\task_designs\v5-9cat_top5\session-2\v5-9cat_sub-016_sess-2_3event_rank01_seed3352841210493930_obj1009.6009.csv,uniform,uniform,0.5,1.5,1.0,1.5,2.0,2.0,0.25381601112537105,0.15638565010533992,0.044233120031801486,0.23579724872297628,0.1609800300256399,0.045482223643458865,0.2415431799384533,0.16193140518136587,0.04533562096448986,0.24654458439099056,0.16480130491815154,0.04630585220740138,0.22235048527850695,0.1552630841206818,0.043692633762855815,0.22959805701927627,0.15764341186207143,0.04484002423678191,0.7824461710610897,0.20969426655370593,0.06255765709046117,9.0,0.0,9.0,0.0,0.7824461710610897,0.20969426655370593,0.7824461710610897,0.20969426655370593,0.23579724872297628,0.1609800300256399,0.24654458439099056,0.16480130491815154,0.22959805701927627,0.15764341186207143,0.0,0.0,0.0,0.23579724872297628,0.1609800300256399,0.24654458439099056,0.16480130491815154,0.22959805701927627,0.15764341186207143
C:\Users\arech\repos\novel_concept_learning_fMRI\experimental_task\task_designs\v5-9cat\session-2\v5-9cat_sub-017_sess-2_3event.csv,session-2/v5-9cat_sub-017_sess-2_3event.csv,,272279576836384,1008.7114316891962,0,C:\Users\arech\repos\novel_concept_learning_fMRI\experimental_task\task_designs\v5-9cat_top5\session-2\v5-9cat_sub-017_sess-2_3event_rank01_seed272279576836384_obj1008.7114.csv,uniform,uniform,0.5,1.5,1.0,1.5,2.0,2.0,0.24989357498432221,0.16256787395729216,0.044521845179541775,0.23442588165702463,0.16516404697312972,0.04572059277905858,0.2407646425753717,0.16875694484471332,0.045694489011507265,0.24206528190717516,0.17009982883492802,0.04660750195321376,0.20742046858794475,0.15871675872955127,0.044014445558092086,0.22428005694035602,0.15822620721257183,0.04511417970419045,0.7781810586405893,0.21123004876472817,0.06313427829128625,8.111111111111112,0.0,8.111111111111112,0.0,0.7781810586405893,0.21123004876472817,0.7781810586405893,0.21123004876472817,0.23442588165702463,0.16516404697312972,0.24206528190717516,0.17009982883492802,0.22428005694035602,0.15822620721257183,0.0,0.0,0.0,0.23442588165702463,0.16516404697312972,0.24206528190717516,0.17009982883492802,0.22428005694035602,0.15822620721257183
C:\Users\arech\repos\novel_concept_learning_fMRI\experimental_task\task_designs\v5-9cat\session-2\v5-9cat_sub-018_sess-2_3event.csv,session-2/v5-9cat_sub-018_sess-2_3event.csv,,1403339416005723,1010.4880657640323,0,C:\Users\arech\repos\novel_concept_learning_fMRI\experimental_task\task_designs\v5-9cat_top5\session-2\v5-9cat_sub-018_sess-2_3event_rank01_seed1403339416005723_obj1010.4881.csv,uniform,uniform,0.5,1.5,1.0,1.5,2.0,2.0,0.25153190825745153,0.1559623905746133,0.04427430153188766,0.23679448369893877,0.15774508130849654,0.04556388073607003,0.2461604772156844,0.1631149876782782,0.04537912613633264,0.24815167859811554,0.16499731680183144,0.0463457123294052,0.21397489132297315,0.15572488142045252,0.04363729108737716,0.23484373341761927,0.15654031327164952,0.04467104435983352,0.7813356448598834,0.20850905271348244,0.0622407000100512,9.88888888888889,0.0,9.88888888888889,0.0,0.7813356448598834,0.20850905271348244,0.7813356448598834,0.20850905271348244,0.23679448369893877,0.15774508130849654,0.24815167859811554,0.16499731680183144,0.23484373341761927,0.15654031327164952,0.0,0.0,0.0,0.23679448369893877,0.15774508130849654,0.24815167859811554,0.16499731680183144,0.23484373341761927,0.15654031327164952
C:\Users\arech\repos\novel_concept_learning_fMRI\experimental_task\task_designs\v5-9cat\session-2\v5-9cat_sub-019_sess-2_3event.csv,session-2/v5-9cat_sub-019_sess-2_3event.csv,,2219297919874242,13.154466967761953,0,C:\Users\arech\repos\novel_concept_learning_fMRI\experimental_task\task_designs\v5-9cat_top5\session-2\v5-9cat_sub-019_sess-2_3event_rank01_seed2219297919874242_obj13.1545.csv,uniform,uniform,0.5,1.5,1.0,1.5,2.0,2.0,0.25778854375410803,0.15971491460111326,0.04423632336476327,0.2478992949801797,0.16342018986153595,0.04543279746788134,0.2310857524526634,0.162916198967538,0.04535063826662744,0.24905849600304453,0.165287009793132,0.04633320364042967,0.22596503824319325,0.155041265847025,0.04365937602434605,0.2435767928817497,0.15790029590862115,0.044867512765226436,0.7837682074201797,0.20702730849630763,0.06214921172897475,12.555555555555555,1.0,12.555555555555555,1.0,0.7837682074201797,0.20702730849630763,0.7837682074201797,0.20702730849630763,0.2478992949801797,0.16342018986153595,0.24905849600304453,0.165287009793132,0.2435767928817497,0.15790029590862115,0.0,0.0,0.0,0.2478992949801797,0.16342018986153595,0.24905849600304453,0.165287009793132,0.2435767928817497,0.15790029590862115
C:\Users\arech\repos\novel_concept_learning_fMRI\experimental_task\task_designs\v5-9cat\session-2\v5-9cat_sub-020_sess-2_3event.csv,session-2/v5-9cat_sub-020_sess-2_3event.csv,,4121793206342706,1009.6012565904318,0,C:\Users\arech\repos\novel_concept_learning_fMRI\experimental_task\task_designs\v5-9cat_top5\session-2\v5-9cat_sub-020_sess-2_3event_rank01_seed4121793206342706_obj1009.6013.csv,uniform,uniform,0.5,1.5,1.0,1.5,2.0,2.0,0.24574415165502939,0.15639198003273863,0.04430813124880594,0.22989582279202697,0.15792705137597723,0.04567025719175141,0.24166475692274036,0.16075756164805813,0.04540328619280578,0.24460523333160078,0.16652518204338543,0.046482288714389364,0.21609934393515481,0.15540955946742732,0.04370039348624952,0.23196669232005787,0.15608426455627056,0.04483477417671713,0.7830985798841961,0.20970730048972047,0.06244081799884266,9.0,0.0,9.0,0.0,0.7830985798841961,0.20970730048972047,0.7830985798841961,0.20970730048972047,0.22989582279202697,0.15792705137597723,0.24460523333160078,0.16652518204338543,0.23196669232005787,0.15608426455627056,0.0,0.0,0.0,0.22989582279202697,0.15792705137597723,0.24460523333160078,0.16652518204338543,0.23196669232005787,0.15608426455627056
C:\Users\arech\repos\novel_concept_learning_fMRI\experimental_task\task_designs\v5-9cat\session-2\v5-9cat_sub-021_sess-2_3event.csv,session-2/v5-9cat_sub-021_sess-2_3event.csv,,575662319982053,1007.8246415299976,0,C:\Users\arech\repos\novel_concept_learning_fMRI\experimental_task\task_designs\v5-9cat_top5\session-2\v5-9cat_sub-021_sess-2_3event_rank01_seed575662319982053_obj1007.8246.csv,uniform,uniform,0.5,1.5,1.0,1.5,2.0,2.0,0.2607019364252832,0.15625253184230617,0.04437701719129642,0.23245355199329484,0.16120062077912736,0.04558844197211523,0.23945234770142565,0.16562781160902898,0.045566776322402365,0.24401553530683617,0.17223653437151104,0.04654828320723627,0.2343316729824489,0.157293041622947,0.04380527719177363,0.2397721933369615,0.16071332204042063,0.04485594222718606,0.7787001363125973,0.2130692396191429,0.06268378899927428,7.222222222222222,0.0,7.222222222222222,0.0,0.7787001363125973,0.2130692396191429,0.7787001363125973,0.2130692396191429,0.23245355199329484,0.16120062077912736,0.24401553530683617,0.17223653437151104,0.2397721933369615,0.16071332204042063,0.0,0.0,0.0,0.23245355199329484,0.16120062077912736,0.24401553530683617,0.17223653437151104,0.2397721933369615,0.16071332204042063
C:\Users\arech\repos\novel_concept_learning_fMRI\experimental_task\task_designs\v5-9cat\session-2\v5-9cat_sub-022_sess-2_3event.csv,session-2/v5-9cat_sub-022_sess-2_3event.csv,,2165931513775223,1010.4898200984178,0,C:\Users\arech\repos\novel_concept_learning_fMRI\experimental_task\task_designs\v5-9cat_top5\session-2\v5-9cat_sub-022_sess-2_3event_rank01_seed2165931513775223_obj1010.4898.csv,uniform,uniform,0.5,1.5,1.0,1.5,2.0,2.0,0.25832592256300574,0.15758204326832062,0.04420418941727739,0.24019833855035766,0.16267188786085696,0.04555028656737603,0.24917120668307313,0.1599737375532812,0.04536894462035477,0.2505644209557929,0.16308586990508026,0.04655606404261944,0.23262682966143908,0.1545853995706454,0.04363129721056522,0.24394394331039382,0.15780285347919049,0.044896799207246006,0.7806585723785449,0.21060192333959185,0.06233026171170799,9.88888888888889,0.0,9.88888888888889,0.0,0.7806585723785449,0.21060192333959185,0.7806585723785449,0.21060192333959185,0.24019833855035766,0.16267188786085696,0.2505644209557929,0.16308586990508026,0.24394394331039382,0.15780285347919049,0.0,0.0,0.0,0.24019833855035766,0.16267188786085696,0.2505644209557929,0.16308586990508026,0.24394394331039382,0.15780285347919049
C:\Users\arech\repos\novel_concept_learning_fMRI\experimental_task\task_designs\v5-9cat\session-2\v5-9cat_sub-023_sess-2_3event.csv,session-2/v5-9cat_sub-023_sess-2_3event.csv,,1459353050046097,1011.3765192132167,0,C:\Users\arech\repos\novel_concept_learning_fMRI\experimental_task\task_designs\v5-9cat_top5\session-2\v5-9cat_sub-023_sess-2_3event_rank01_seed1459353050046097_obj1011.3765.csv,uniform,uniform,0.5,1.5,1.0,1.5,2.0,2.0,0.2389363182144669,0.15443509372420872,0.044173072401056855,0.23437812050247034,0.15934195508435597,0.045553681439564446,0.23906481002481314,0.16157095178478142,0.04531555668861659,0.24331695474256168,0.1638129848164237,0.04632765599748743,0.22818968547005847,0.15467218146731398,0.04356306230553436,0.23105186326550597,0.15702413850400077,0.04469891489258634,0.7812767094165333,0.20810308073069483,0.06222976566180685,10.777777777777779,0.0,10.777777777777779,0.0,0.7812767094165333,0.20810308073069483,0.7812767094165333,0.20810308073069483,0.23437812050247034,0.15934195508435597,0.24331695474256168,0.1638129848164237,0.23105186326550597,0.15702413850400077,0.0,0.0,0.0,0.23437812050247034,0.15934195508435597,0.24331695474256168,0.1638129848164237,0.23105186326550597,0.15702413850400077
C:\Users\arech\repos\novel_concept_learning_fMRI\experimental_task\task_designs\v5-9cat\session-2\v5-9cat_sub-024_sess-2_3event.csv,session-2/v5-9cat_sub-024_sess-2_3event.csv,,482702643103680,1009.6012812143998,0,C:\Users\arech\repos\novel_concept_learning_fMRI\experimental_task\task_designs\v5-9cat_top5\session-2\v5-9cat_sub-024_sess-2_3event_rank01_seed482702643103680_obj1009.6013.csv,uniform,uniform,0.5,1.5,1.0,1.5,2.0,2.0,0.26208812759411576,0.15627142254538434,0.04437276790956506,0.21890467385853876,0.15937887338145693,0.04555501340342655,0.23540113390465772,0.1602996183014364,0.04550001822821983,0.24530686048347,0.1636309176285486,0.0463735943761818,0.20680709614107898,0.15522931763523679,0.043811286238138424,0.23075853262550552,0.1597511817623219,0.04480190646715565,0.782614889401133,0.20997376969928658,0.06265751456068318,9.000000000000002,0.0,9.000000000000002,0.0,0.782614889401133,0.20997376969928658,0.782614889401133,0.20997376969928658,0.21890467385853876,0.15937887338145693,0.24530686048347,0.1636309176285486,0.23075853262550552,0.1597511817623219,0.0,0.0,0.0,0.21890467385853876,0.15937887338145693,0.24530686048347,0.1636309176285486,0.23075853262550552,0.1597511817623219
C:\Users\arech\repos\novel_concept_learning_fMRI\experimental_task\task_designs\v5-9cat\session-2\v5-9cat_sub-025_sess-2_3event.csv,session-2/v5-9cat_sub-025_sess-2_3event.csv,,3408402372176925,1009.6022131130424,0,C:\Users\arech\repos\novel_concept_learning_fMRI\experimental_task\task_designs\v5-9cat_top5\session-2\v5-9cat_sub-025_sess-2_3event_rank01_seed3408402372176925_obj1009.6022.csv,uniform,uniform,0.5,1.5,1.0,1.5,2.0,2.0,0.26267747113014184,0.15613444130291937,0.044357670844522835,0.2345840321199605,0.15895789439900743,0.04557622991736251,0.24586408340739405,0.16276617427297524,0.045481982372403994,0.2544759569210843,0.16520811752223397,0.04653240361978423,0.2308445745542989,0.15589082043095814,0.04380505852933969,0.23768940694672358,0.157787663599604,0.044872442281086194,0.7820816781349046,0.21117227397492772,0.06262729819593205,9.0,0.0,9.0,0.0,0.7820816781349046,0.21117227397492772,0.7820816781349046,0.21117227397492772,0.2345840321199605,0.15895789439900743,0.2544759569210843,0.16520811752223397,0.23768940694672358,0.157787663599604,0.0,0.0,0.0,0.2345840321199605,0.15895789439900743,0.2544759569210843,0.16520811752223397,0.23768940694672358,0.157787663599604
C:\Users\arech\repos\novel_concept_learning_fMRI\experimental_task\task_designs\v5-9cat\session-2\v5-9cat_sub-026_sess-2_3event.csv,session-2/v5-9cat_sub-026_sess-2_3event.csv,,1752268290789424,1009.6047449497066,0,C:\Users\arech\repos\novel_concept_learning_fMRI\experimental_task\task_designs\v5-9cat_top5\session-2\v5-9cat_sub-026_sess-2_3event_rank01_seed1752268290789424_obj1009.6047.csv,uniform,uniform,0.5,1.5,1.0,1.5,2.0,2.0,0.25910861160461746,0.15420494648249067,0.044287205041345444,0.23975187704376974,0.15768118955709648,0.045618676470180135,0.25373310165160895,0.16029316029282234,0.04541568551945618,0.255951510509538,0.16356118223086846,0.04655073648745727,0.2246263091216933,0.1561806120179587,0.043682256420208315,0.23561359276036345,0.1577481147614715,0.04480034861873448,0.7827818169538338,0.21335404122975193,0.06239144253632565,9.0,0.0,9.0,0.0,0.7827818169538338,0.21335404122975193,0.7827818169538338,0.21335404122975193,0.23975187704376974,0.15768118955709648,0.255951510509538,0.16356118223086846,0.23561359276036345,0.1577481147614715,0.0,0.0,0.0,0.23975187704376974,0.15768118955709648,0.255951510509538,0.16356118223086846,0.23561359276036345,0.1577481147614715
C:\Users\arech\repos\novel_concept_learning_fMRI\experimental_task\task_designs\v5-9cat\session-2\v5-9cat_sub-027_sess-2_3event.csv,session-2/v5-9cat_sub-027_sess-2_3event.csv,,3214151372425464,1010.4889811381348,0,C:\Users\arech\repos\novel_concept_learning_fMRI\experimental_task\task_designs\v5-9cat_top5\session-2\v5-9cat_sub-027_sess-2_3event_rank01_seed3214151372425464_obj1010.4890.csv,uniform,uniform,0.5,1.5,1.0,1.5,2.0,2.0,0.26778348350158904,0.15835428488653744,0.04436679902262444,0.24325381774939145,0.1606596837059016,0.04567109445843659,0.2435192127608204,0.15999241303815392,0.04551285457715568,0.24784615359103576,0.16534340901768668,0.046593520496040854,0.2239846884904104,0.15512851761733568,0.04379725801847493,0.23437838463875033,0.159557508668618,0.044923980194538166,0.7796233195093322,0.21028058949123304,0.06267023580574185,9.888888888888891,0.0,9.888888888888891,0.0,0.7796233195093322,0.21028058949123304,0.7796233195093322,0.21028058949123304,0.24325381774939145,0.1606596837059016,0.24784615359103576,0.16534340901768668,0.23437838463875033,0.159557508668618,0.0,0.0,0.0,0.24325381774939145,0.1606596837059016,0.24784615359103576,0.16534340901768668,0.23437838463875033,0.159557508668618
C:\Users\arech\repos\novel_concept_learning_fMRI\experimental_task\task_designs\v5-9cat\session-2\v5-9cat_sub-028_sess-2_3event.csv,session-2/v5-9cat_sub-028_sess-2_3event.csv,,4228690298033081,1009.6037057243103,0,C:\Users\arech\repos\novel_concept_learning_fMRI\experimental_task\task_designs\v5-9cat_top5\session-2\v5-9cat_sub-028_sess-2_3event_rank01_seed4228690298033081_obj1009.6037.csv,uniform,uniform,0.5,1.5,1.0,1.5,2.0,2.0,0.2520038701657484,0.15764152320745656,0.04440787822358359,0.23784939526500637,0.16171503658140718,0.04565620047878328,0.24405839520956724,0.16119364862006674,0.045594249665881305,0.26027269763462174,0.16446580712211084,0.04651403623203614,0.23039213887065269,0.1570937497382821,0.04387918398135645,0.24390583906394575,0.15834348045153077,0.04490490108211339,0.7837523355463124,0.21182955653715246,0.06274442696321339,9.000000000000002,0.0,9.000000000000002,0.0,0.7837523355463124,0.21182955653715246,0.7837523355463124,0.21182955653715246,0.23784939526500637,0.16171503658140718,0.26027269763462174,0.16446580712211084,0.24390583906394575,0.15834348045153077,0.0,0.0,0.0,0.23784939526500637,0.16171503658140718,0.26027269763462174,0.16446580712211084,0.24390583906394575,0.15834348045153077
C:\Users\arech\repos\novel_concept_learning_fMRI\experimental_task\task_designs\v5-9cat\session-2\v5-9cat_sub-029_sess-2_3event.csv,session-2/v5-9cat_sub-029_sess-2_3event.csv,,737085527250381,1009.6008172895448,0,C:\Users\arech\repos\novel_concept_learning_fMRI\experimental_task\task_designs\v5-9cat_top5\session-2\v5-9cat_sub-029_sess-2_3event_rank01_seed737085527250381_obj1009.6008.csv,uniform,uniform,0.5,1.5,1.0,1.5,2.0,2.0,0.2601766830270189,0.15931932713159735,0.044377879542547904,0.24260776830935224,0.1612828462638004,0.04568981966185018,0.2505010496554269,0.15844626010364282,0.04553357789491173,0.2534587971940096,0.16406957189560945,0.04664501156892395,0.22427993063209406,0.1560178807048837,0.04381339027306741,0.23310525073195978,0.15795989374598335,0.04497110817267841,0.7788358840317028,0.21139934752895823,0.06260502595321346,9.0,0.0,9.0,0.0,0.7788358840317028,0.21139934752895823,0.7788358840317028,0.21139934752895823,0.24260776830935224,0.1612828462638004,0.2534587971940096,0.16406957189560945,0.23310525073195978,0.15795989374598335,0.0,0.0,0.0,0.24260776830935224,0.1612828462638004,0.2534587971940096,0.16406957189560945,0.23310525073195978,0.15795989374598335
C:\Users\arech\repos\novel_concept_learning_fMRI\experimental_task\task_designs\v5-9cat\session-2\v5-9cat_sub-030_sess-2_3event.csv,session-2/v5-9cat_sub-030_sess-2_3event.csv,,2429187494540639,1010.4901052848951,0,C:\Users\arech\repos\novel_concept_learning_fMRI\experimental_task\task_designs\v5-9cat_top5\session-2\v5-9cat_sub-030_sess-2_3event_rank01_seed2429187494540639_obj1010.4901.csv,uniform,uniform,0.5,1.5,1.0,1.5,2.0,2.0,0.24506167045986516,0.15925219078409847,0.04431403080420785,0.22695063769050103,0.15981345353876636,0.045657378316749764,0.22187803205981083,0.16795864704497082,0.04546798328605419,0.2264302852883944,0.1658705487043129,0.04656323890276854,0.2108080401277812,0.1565395332912776,0.04375427696613705,0.22318909411328608,0.15655270302882057,0.04493840998544341,0.7818289386764893,0.21030192666794484,0.06261888470319671,9.88888888888889,0.0,9.88888888888889,0.0,0.7818289386764893,0.21030192666794484,0.7818289386764893,0.21030192666794484,0.22695063769050103,0.15981345353876636,0.2264302852883944,0.1658705487043129,0.22318909411328608,0.15655270302882057,0.0,0.0,0.0,0.22695063769050103,0.15981345353876636,0.2264302852883944,0.1658705487043129,0.22318909411328608,0.15655270302882057
C:\Users\arech\repos\novel_concept_learning_fMRI\experimental_task\task_designs\v5-9cat\session-2\v5-9cat_sub-031_sess-2_3event.csv,session-2/v5-9cat_sub-031_sess-2_3event.csv,,1193863028578588,1008.7106761404259,0,C:\Users\arech\repos\novel_concept_learning_fMRI\experimental_task\task_designs\v5-9cat_top5\session-2\v5-9cat_sub-031_sess-2_3event_rank01_seed1193863028578588_obj1008.7107.csv,uniform,uniform,0.5,1.5,1.0,1.5,2.0,2.0,0.2714626017913091,0.15693021936195947,0.04426307280067072,0.2423948353038935,0.1612616450548655,0.045565042684665845,0.2590485979669189,0.1622366603441412,0.045385998066242515,0.2595758064525316,0.16596484373105647,0.04653517090972997,0.2448932898847847,0.15784217479017973,0.04371594530523732,0.2532063109102669,0.15951128250220006,0.04492692073460563,0.7804335024081731,0.2093482781107225,0.062428208329108885,8.11111111111111,0.0,8.11111111111111,0.0,0.7804335024081731,0.2093482781107225,0.7804335024081731,0.2093482781107225,0.2423948353038935,0.1612616450548655,0.2595758064525316,0.16596484373105647,0.2532063109102669,0.15951128250220006,0.0,0.0,0.0,0.2423948353038935,0.1612616450548655,0.2595758064525316,0.16596484373105647,0.2532063109102669,0.15951128250220006
C:\Users\arech\repos\novel_concept_learning_fMRI\experimental_task\task_designs\v5-9cat\session-2\v5-9cat_sub-032_sess-2_3event.csv,session-2/v5-9cat_sub-032_sess-2_3event.csv,,3833498826462398,1010.4868500731424,0,C:\Users\arech\repos\novel_concept_learning_fMRI\experimental_task\task_designs\v5-9cat_top5\session-2\v5-9cat_sub-032_sess-2_3event_rank01_seed3833498826462398_obj1010.4869.csv,uniform,uniform,0.5,1.5,1.0,1.5,2.0,2.0,0.23661502540576845,0.15614279382483282,0.04414290491961546,0.23472861371015283,0.1585683519918533,0.04531174073040337,0.25237853171199753,0.16115160185052924,0.04534029521859065,0.2528524584077085,0.16397450742351177,0.04618241784977728,0.22135305661694915,0.15534124728512905,0.0435898854674516,0.23009897609456906,0.1584794218986087,0.04454967625480183,0.7815018559311603,0.20721025628791706,0.061953644984009106,9.888888888888891,0.0,9.888888888888891,0.0,0.7815018559311603,0.20721025628791706,0.7815018559311603,0.20721025628791706,0.23472861371015283,0.1585683519918533,0.2528524584077085,0.16397450742351177,0.23009897609456906,0.1584794218986087,0.0,0.0,0.0,0.23472861371015283,0.1585683519918533,0.2528524584077085,0.16397450742351177,0.23009897609456906,0.1584794218986087
C:\Users\arech\repos\novel_concept_learning_fMRI\experimental_task\task_designs\v5-9cat\session-2\v5-9cat_sub-033_sess-2_3event.csv,session-2/v5-9cat_sub-033_sess-2_3event.csv,,865921451757012,1009.6007252021114,0,C:\Users\arech\repos\novel_concept_learning_fMRI\experimental_task\task_designs\v5-9cat_top5\session-2\v5-9cat_sub-033_sess-2_3event_rank01_seed865921451757012_obj1009.6007.csv,uniform,uniform,0.5,1.5,1.0,1.5,2.0,2.0,0.24871953544371161,0.15795083325012632,0.0445547660055688,0.2346429384415932,0.15803914503104755,0.04588552463395391,0.2312294468411428,0.1633913510813007,0.045683160406385905,0.24190745740596756,0.1667932327082369,0.046750700090816395,0.21339640286272477,0.15724324111171223,0.04394701262355527,0.2281463317924759,0.16018804375930973,0.04512797581871642,0.7779741239555095,0.21173814013372186,0.06278523076324981,9.0,0.0,9.0,0.0,0.7779741239555095,0.21173814013372186,0.7779741239555095,0.21173814013372186,0.2346429384415932,0.15803914503104755,0.24190745740596756,0.1667932327082369,0.2281463317924759,0.16018804375930973,0.0,0.0,0.0,0.2346429384415932,0.15803914503104755,0.24190745740596756,0.1667932327082369,0.2281463317924759,0.16018804375930973
C:\Users\arech\repos\novel_concept_learning_fMRI\experimental_task\task_designs\v5-9cat\session-2\v5-9cat_sub-034_sess-2_3event.csv,session-2/v5-9cat_sub-034_sess-2_3event.csv,,2040687799045079,1009.6034832295195,0,C:\Users\arech\repos\novel_concept_learning_fMRI\experimental_task\task_designs\v5-9cat_top5\session-2\v5-9cat_sub-034_sess-2_3event_rank01_seed2040687799045079_obj1009.6035.csv,uniform,uniform,0.5,1.5,1.0,1.5,2.0,2.0,0.2617757396801747,0.159259510410856,0.04420558485097351,0.23716819663646757,0.16305098639330937,0.04549572873773975,0.24306348582425358,0.16170102494914496,0.045365430366540054,0.24343084965803174,0.1654734040762495,0.04648856613525499,0.23654082807568683,0.1579350843800213,0.04362973711846421,0.24451715966628515,0.15808232129832134,0.044805234672660926,0.7839252242164935,0.21152061741120834,0.06213019316477056,9.000000000000002,0.0,9.000000000000002,0.0,0.7839252242164935,0.21152061741120834,0.7839252242164935,0.21152061741120834,0.23716819663646757,0.16305098639330937,0.24343084965803174,0.1654734040762495,0.24451715966628515,0.15808232129832134,0.0,0.0,0.0,0.23716819663646757,0.16305098639330937,0.24343084965803174,0.1654734040762495,0.24451715966628515,0.15808232129832134
C:\Users\arech\repos\novel_concept_learning_fMRI\experimental_task\task_designs\v5-9cat\session-2\v5-9cat_sub-035_sess-2_3event.csv,session-2/v5-9cat_sub-035_sess-2_3event.csv,,2923493079452947,1010.4893597851218,0,C:\Users\arech\repos\novel_concept_learning_fMRI\experimental_task\task_designs\v5-9cat_top5\session-2\v5-9cat_sub-035_sess-2_3event_rank01_seed2923493079452947_obj1010.4894.csv,uniform,uniform,0.5,1.5,1.0,1.5,2.0,2.0,0.2515421610307513,0.156142101355905,0.044373406208005374,0.24859647442070182,0.15884924129719397,0.04557822240557377,0.24103370347913738,0.16220212647232468,0.045498553170976674,0.24425540381525815,0.16484071440415404,0.0464323396806137,0.2469048661845565,0.15691254862051937,0.04379340851378816,0.2500635970664366,0.16044631087148015,0.04486498740969177,0.7799144619717411,0.21051366524699697,0.062478927335057506,9.88888888888889,0.0,9.88888888888889,0.0,0.7799144619717411,0.21051366524699697,0.7799144619717411,0.21051366524699697,0.24859647442070182,0.15884924129719397,0.24425540381525815,0.16484071440415404,0.2500635970664366,0.16044631087148015,0.0,0.0,0.0,0.24859647442070182,0.15884924129719397,0.24425540381525815,0.16484071440415404,0.2500635970664366,0.16044631087148015
C:\Users\arech\repos\novel_concept_learning_fMRI\experimental_task\task_designs\v5-9cat\session-2\v5-9cat_sub-036_sess-2_3event.csv,session-2/v5-9cat_sub-036_sess-2_3event.csv,,219567310700049,1010.4873752230443,0,C:\Users\arech\repos\novel_concept_learning_fMRI\experimental_task\task_designs\v5-9cat_top5\session-2\v5-9cat_sub-036_sess-2_3event_rank01_seed219567310700049_obj1010.4874.csv,uniform,uniform,0.5,1.5,1.0,1.5,2.0,2.0,0.2487526593108066,0.15762802444056873,0.04422225815222231,0.2355934242213017,0.16079877047962654,0.04535338353397422,0.24014552184936824,0.16187502884427113,0.04537319089023634,0.23803211835477942,0.16632334950164956,0.04629472388679201,0.23640912282219986,0.1566891337787504,0.04373967421494011,0.24019343959598508,0.1591960445900163,0.044875530962892735,0.7794089105845515,0.20878187886313881,0.06226812538702039,9.888888888888888,0.0,9.888888888888888,0.0,0.7794089105845515,0.20878187886313881,0.7794089105845515,0.20878187886313881,0.2355934242213017,0.16079877047962654,0.23803211835477942,0.16632334950164956,0.24019343959598508,0.1591960445900163,0.0,0.0,0.0,0.2355934242213017,0.16079877047962654,0.23803211835477942,0.16632334950164956,0.24019343959598508,0.1591960445900163
C:\Users\arech\repos\novel_concept_learning_fMRI\experimental_task\task_designs\v5-9cat\session-2\v5-9cat_sub-037_sess-2_3event.csv,session-2/v5-9cat_sub-037_sess-2_3event.csv,,3673488752433644,1009.601420177197,0,C:\Users\arech\repos\novel_concept_learning_fMRI\experimental_task\task_designs\v5-9cat_top5\session-2\v5-9cat_sub-037_sess-2_3event_rank01_seed3673488752433644_obj1009.6014.csv,uniform,uniform,0.5,1.5,1.0,1.5,2.0,2.0,0.25005037887078857,0.15690468308821776,0.04456932788016287,0.23418621103092008,0.16134266778415118,0.04578237256981526,0.24879718363939599,0.16566852091565265,0.04567993483682106,0.2658868147236578,0.16911231790527798,0.04669744324608857,0.2158226025573788,0.15682496276786972,0.04402403018133307,0.2366224574647984,0.15739446713395566,0.04525738975157187,0.7781912607887327,0.2123245468026762,0.06321750055098628,9.000000000000002,0.0,9.000000000000002,0.0,0.7781912607887327,0.2123245468026762,0.7781912607887327,0.2123245468026762,0.23418621103092008,0.16134266778415118,0.2658868147236578,0.16911231790527798,0.2366224574647984,0.15739446713395566,0.0,0.0,0.0,0.23418621103092008,0.16134266778415118,0.2658868147236578,0.16911231790527798,0.2366224574647984,0.15739446713395566
C:\Users\arech\repos\novel_concept_learning_fMRI\experimental_task\task_designs\v5-9cat\session-2\v5-9cat_sub-038_sess-2_3event.csv,session-2/v5-9cat_sub-038_sess-2_3event.csv,,2573951699832050,1010.4906084970278,0,C:\Users\arech\repos\novel_concept_learning_fMRI\experimental_task\task_designs\v5-9cat_top5\session-2\v5-9cat_sub-038_sess-2_3event_rank01_seed2573951699832050_obj1010.4906.csv,uniform,uniform,0.5,1.5,1.0,1.5,2.0,2.0,0.2663927553093746,0.15583278500785208,0.04428207587119965,0.25019248981897446,0.15976562640007622,0.04552110397442972,0.2332594441462723,0.16179130379122325,0.04540605019286281,0.24338972432969636,0.1659251354760211,0.04634813515032533,0.22397535358202936,0.15481376418617326,0.04375897801181056,0.23799117612440346,0.15829456800363784,0.044903854552513146,0.7843814462809311,0.20952888499837902,0.0624191932502444,9.888888888888891,0.0,9.888888888888891,0.0,0.7843814462809311,0.20952888499837902,0.7843814462809311,0.20952888499837902,0.25019248981897446,0.15976562640007622,0.24338972432969636,0.1659251354760211,0.23799117612440346,0.15829456800363784,0.0,0.0,0.0,0.25019248981897446,0.15976562640007622,0.24338972432969636,0.1659251354760211,0.23799117612440346,0.15829456800363784
C:\Users\arech\repos\novel_concept_learning_fMRI\experimental_task\task_designs\v5-9cat\session-2\v5-9cat_sub-039_sess-2_3event.csv,session-2/v5-9cat_sub-039_sess-2_3event.csv,,1317655650955580,1010.4889525195438,0,C:\Users\arech\repos\novel_concept_learning_fMRI\experimental_task\task_designs\v5-9cat_top5\session-2\v5-9cat_sub-039_sess-2_3event_rank01_seed1317655650955580_obj1010.4890.csv,uniform,uniform,0.5,1.5,1.0,1.5,2.0,2.0,0.25041415586332766,0.15792041588042272,0.04444880316995516,0.23805205574569954,0.15825580949837553,0.04572753468980598,0.23367653206830147,0.16183819359872187,0.04559441989223997,0.24461432374758355,0.1652576197060579,0.046450207089137545,0.21601407744821466,0.156609432297289,0.043861076701113305,0.22705730129842808,0.16015072684206783,0.044818200722672306,0.7797468774328643,0.21019019193842484,0.06265403343422803,9.888888888888891,0.0,9.888888888888891,0.0,0.7797468774328643,0.21019019193842484,0.7797468774328643,0.21019019193842484,0.23805205574569954,0.15825580949837553,0.24461432374758355,0.1652576197060579,0.22705730129842808,0.16015072684206783,0.0,0.0,0.0,0.23805205574569954,0.15825580949837553,0.24461432374758355,0.1652576197060579,0.22705730129842808,0.16015072684206783
C:\Users\arech\repos\novel_concept_learning_fMRI\experimental_task\task_designs\v5-9cat\session-2\v5-9cat_sub-040_sess-2_3event.csv,session-2/v5-9cat_sub-040_sess-2_3event.csv,,1905202703591221,1007.8232462703884,0,C:\Users\arech\repos\novel_concept_learning_fMRI\experimental_task\task_designs\v5-9cat_top5\session-2\v5-9cat_sub-040_sess-2_3event_rank01_seed1905202703591221_obj1007.8232.csv,uniform,uniform,0.5,1.5,1.0,1.5,2.0,2.0,0.24658562006513174,0.1543459266773061,0.04417120465607063,0.2408850684708701,0.15768289950416206,0.045283491232704455,0.24355599993880417,0.1601568665749344,0.045356838996364134,0.2431970533579886,0.164121831353849,0.04618687689035999,0.21920263563538042,0.15498225110468689,0.04358998425085658,0.2275654747749291,0.15774630038961043,0.04461751000168223,0.7839083335847982,0.20906988137378713,0.06194941906035346,7.222222222222222,0.0,7.222222222222222,0.0,0.7839083335847982,0.20906988137378713,0.7839083335847982,0.20906988137378713,0.2408850684708701,0.15768289950416206,0.2431970533579886,0.164121831353849,0.2275654747749291,0.15774630038961043,0.0,0.0,0.0,0.2408850684708701,0.15768289950416206,0.2431970533579886,0.164121831353849,0.2275654747749291,0.15774630038961043
