trial_id,run_id,ObjectSpace,condition,image_file,iti,sampled_f0,sampled_f1,event_type,fix_dur,fix_kind,trial_duration_max,img_onset,img_dur,isi1_dur,isi1_type,dec_onset_est,max_dec_dur,isi2_dur,isi2_type,fb_dur
,1,,Fixation,,1.2098150253295898,,,fixation,10.0,run_start,2.124024331569672,0.0,0.0,1.177680253982544,hidden,1.177680253982544,0.0,0.9463440775871276,fixation,0.0
1,1,1.0,Medium,1_0.735_0.408.png,1.0732874870300293,0.725,0.415,,,,6.329436123371124,3.3338394165039062,1.0,1.1394243240356443,hidden,5.473263740539551,2.5,0.6900117993354797,fixation,1.0
2,1,2.0,Incongruent,2_0.755_0.306.png,1.4945472478866575,0.751,0.3,,,,6.459445357322693,10.736562728881836,1.0,0.6663256883621216,hidden,12.402888298034668,2.5,1.2931196689605713,fixation,1.0
3,1,18.0,Incongruent,18_0.367_0.000.png,1.15494704246521,0.374,0.0,,,,7.306078553199768,18.69055557250977,1.0,1.4205292463302612,hidden,21.111083984375,2.5,1.3855493068695068,fixation,1.0
4,1,1.0,Medium,1_0.816_0.347.png,1.4925941228866575,0.825,0.354,,,,6.609273314476013,27.151580810546875,1.0,1.3395708799362185,hidden,29.491151809692383,2.5,0.7697024345397949,fixation,1.0
5,1,20.0,Medium,20_0.449_0.714.png,1.4317035675048828,0.45,0.721,,,,6.122816324234009,35.253448486328125,1.0,0.7668170928955078,hidden,37.020267486572266,2.5,0.855999231338501,fixation,1.0
6,1,8.0,Incongruent,8_0.469_0.694.png,1.036970853805542,0.464,0.703,,,,6.693499207496643,42.80796813964844,1.0,1.485123634338379,hidden,45.2930908203125,2.5,0.7083755731582642,fixation,1.0
7,1,11.0,Congruent,11_0.306_0.776.png,1.4676589965820312,0.296,0.783,,,,6.264795362949371,50.53843688964844,1.0,1.264686942100525,hidden,52.80312728881836,2.5,0.5001084208488464,fixation,1.0
8,1,20.0,Medium,20_0.571_0.612.png,1.0937119722366333,0.57,0.605,,,,6.270067989826202,58.27089309692383,1.0,0.7032322287559509,hidden,59.97412490844727,2.5,1.0668357610702517,fixation,1.0
9,1,18.0,Incongruent,18_0.224_0.224.png,1.164493203163147,0.229,0.227,,,,6.052037239074707,65.63467407226562,1.0,0.914638102054596,hidden,67.54930877685547,2.5,0.6373991370201111,fixation,1.0
10,1,9.0,Medium,9_0.694_0.367.png,1.4237403869628906,0.687,0.375,,,,6.362535059452057,72.85120391845703,1.0,0.9356406331062316,hidden,74.7868423461914,2.5,0.9268944263458252,fixation,1.0
11,1,8.0,Incongruent,8_0.510_0.531.png,1.3490031957626345,0.507,0.538,,,,6.007085502147675,80.63748168945312,1.0,0.5186442136764526,hidden,82.15612030029297,2.5,0.988441288471222,fixation,1.0
12,1,3.0,Congruent,3_0.041_0.000.png,1.1047420501708984,0.036,0.0,,,,5.864345967769623,87.99356842041016,1.0,0.8073440194129944,hidden,89.80091094970703,2.5,0.5570019483566284,fixation,1.0
13,1,11.0,Congruent,11_0.000_0.837.png,1.1293046474456787,0.0,0.837,,,,6.857159972190857,94.96265411376952,1.0,1.0208107233047483,hidden,96.98346710205078,2.5,1.3363492488861084,fixation,1.0
14,1,22.0,Congruent,13b_0.694_0.429.png,1.409908652305603,0.702,0.427,,,,6.327546536922455,102.9491195678711,1.0,1.2948976755142212,hidden,105.2440185546875,2.5,0.5326488614082336,fixation,1.0
15,1,18.0,Incongruent,18_0.327_0.265.png,1.2359089851379397,0.326,0.264,,,,6.537593424320221,110.68657684326172,1.0,1.4820187091827393,hidden,113.16859436035156,2.5,0.5555747151374817,fixation,1.0
16,1,2.0,Incongruent,2_0.980_0.347.png,1.2179063558578491,0.979,0.354,,,,6.6333746910095215,118.46007537841795,1.0,0.7524251937866211,hidden,120.2125015258789,2.5,1.3809494972229004,fixation,1.0
17,1,22.0,Congruent,13b_0.592_0.551.png,1.1404271125793457,0.591,0.553,,,,6.621031284332275,126.31135559082033,1.0,1.3201117515563965,hidden,128.6314697265625,2.5,0.8009195327758789,fixation,1.0
18,1,9.0,Medium,9_0.224_0.163.png,1.3572343587875366,0.224,0.165,,,,6.234250962734222,134.07281494140625,1.0,0.9714601635932922,hidden,136.04428100585938,2.5,0.7627907991409302,fixation,1.0
19,1,8.0,Incongruent,8_0.531_0.510.png,1.3998686075210571,0.521,0.517,,,,6.478935718536377,141.664306640625,1.0,1.0558043718338013,hidden,143.72010803222656,2.5,0.9231313467025756,fixation,1.0
20,1,11.0,Congruent,11_0.490_0.816.png,1.2210640907287598,0.495,0.82,,,,6.62143874168396,149.54310607910156,1.0,1.4143528938293457,hidden,151.95745849609375,2.5,0.7070858478546143,fixation,1.0
21,1,2.0,Incongruent,2_0.490_0.020.png,1.0539472103118896,0.488,0.019,,,,6.262932658195496,157.38560485839844,1.0,0.9644851684570312,hidden,159.35009765625,2.5,0.7984474897384644,fixation,1.0
22,1,9.0,Medium,9_0.347_0.000.png,1.3065046072006226,0.351,0.0,,,,5.849047541618347,164.70248413085938,1.0,0.6716246008872986,hidden,166.37411499023438,2.5,0.6774229407310486,fixation,1.0
23,1,20.0,Medium,20_0.490_0.449.png,1.2464492321014404,0.486,0.454,,,,6.4456435441970825,171.85804748535156,1.0,1.0937947034835815,hidden,173.95184326171875,2.5,0.851848840713501,fixation,1.0
24,1,1.0,Medium,1_0.857_0.347.png,1.2576099634170532,0.86,0.346,,,,6.55767023563385,179.55014038085938,1.0,0.7827993631362915,hidden,181.3329315185547,2.5,1.2748708724975586,fixation,1.0
25,1,3.0,Congruent,3_0.082_0.061.png,1.180270075798035,0.082,0.061,,,,6.35987401008606,187.36541748046875,1.0,0.8466825485229492,hidden,189.21209716796875,2.5,1.0131914615631104,fixation,1.0
26,1,22.0,Congruent,13b_0.510_0.612.png,1.1923149824142456,0.511,0.619,,,,6.585952162742615,194.9055633544922,1.0,0.7418912649154663,hidden,196.6474456787109,2.5,1.3440608978271484,fixation,1.0
27,1,3.0,Congruent,3_0.041_0.061.png,1.084131121635437,0.047,0.062,,,,7.043761253356934,202.68382263183597,1.0,1.1404058933258057,hidden,204.82423400878903,2.5,1.403355360031128,fixation,1.0
,1,,Fixation,,1.0979050397872925,,,fixation,5.0,run_end,1.6681178212165833,210.8117218017578,0.0,1.0325021743774414,hidden,211.8442230224609,0.0,0.6356156468391418,fixation,0.0
,2,,Fixation,,1.3634852170944214,,,fixation,10.0,run_start,2.17680686712265,0.0,0.0,1.2038543224334717,hidden,1.2038543224334717,0.0,0.9729525446891784,fixation,0.0
28,2,11.0,Congruent,11_0.429_0.449.png,1.4956766366958618,0.428,0.445,,,,6.347268283367157,3.5402920246124268,1.0,0.6341058611869812,hidden,5.174397945404053,2.5,1.2131624221801758,fixation,1.0
29,2,3.0,Congruent,3_0.245_0.082.png,1.38619065284729,0.238,0.081,,,,5.655682981014252,11.3832368850708,1.0,0.6388335227966309,hidden,13.02207088470459,2.5,0.5168494582176208,fixation,1.0
30,2,9.0,Medium,9_0.122_0.265.png,1.2803142070770264,0.128,0.273,,,,6.403841733932495,18.42510986328125,1.0,0.7369270324707031,hidden,20.162036895751957,2.5,1.166914701461792,fixation,1.0
31,2,18.0,Incongruent,18_0.143_0.184.png,1.2517671585083008,0.138,0.186,,,,6.508377850055695,26.10926628112793,1.0,1.1631423234939575,hidden,28.272409439086918,2.5,0.8452355265617371,fixation,1.0
32,2,2.0,Incongruent,2_0.755_0.490.png,1.2394708395004272,0.75,0.48,,,,6.825660943984985,33.86941146850586,1.0,1.11232590675354,hidden,35.98173904418945,2.5,1.213335037231445,fixation,1.0
33,2,20.0,Medium,20_0.367_1.000.png,1.2560442686080933,0.372,1.0,,,,5.790707528591156,41.93454360961914,1.0,0.5279934406280518,hidden,43.4625358581543,2.5,0.7627140879631042,fixation,1.0
34,2,3.0,Congruent,3_0.469_0.224.png,1.1034151315689087,0.476,0.22,,,,6.919250726699829,48.98129653930664,1.0,1.214390516281128,hidden,51.19568634033203,2.5,1.2048602104187012,fixation,1.0
35,2,8.0,Incongruent,8_0.265_0.898.png,1.2699708938598633,0.273,0.895,,,,6.575331449508667,57.00395965576172,1.0,1.1967018842697144,hidden,59.20066452026367,2.5,0.8786295652389526,fixation,1.0
36,2,22.0,Congruent,13b_0.735_0.673.png,1.465200901031494,0.739,0.678,,,,6.364574432373047,64.8492660522461,1.0,0.6472011804580688,hidden,66.49646759033203,2.5,1.217373251914978,fixation,1.0
37,2,3.0,Congruent,3_0.633_0.327.png,1.414441704750061,0.63,0.323,,,,6.092459440231323,72.67903900146484,1.0,0.8213405013084412,hidden,74.50038146972656,2.5,0.7711189389228821,fixation,1.0
38,2,8.0,Incongruent,8_0.388_1.000.png,1.3865329027175903,0.391,1.0,,,,5.84189772605896,80.18594360351562,1.0,0.7513530850410461,hidden,81.93729400634766,2.5,0.5905446410179138,fixation,1.0
39,2,1.0,Medium,1_0.878_0.122.png,1.1398288011550903,0.88,0.13,,,,6.456164240837097,87.41436767578125,1.0,1.3496510982513428,hidden,89.76402282714844,2.5,0.6065131425857544,fixation,1.0
40,2,18.0,Incongruent,18_0.327_0.327.png,1.303033471107483,0.326,0.333,,,,6.402780294418335,95.01036071777344,1.0,0.674638032913208,hidden,96.68500518798828,2.5,1.228142261505127,fixation,1.0
41,2,11.0,Congruent,11_0.612_1.000.png,1.4996585845947266,0.605,1.0,,,,5.9451523423194885,102.71617889404295,1.0,0.7260943651199341,hidden,104.44226837158205,2.5,0.7190579771995544,fixation,1.0
42,2,1.0,Medium,1_0.857_0.347.png,1.402655839920044,0.85,0.355,,,,6.42403918504715,110.1609878540039,1.0,1.0127105712890625,hidden,112.17369842529295,2.5,0.9113286137580872,fixation,1.0
43,2,9.0,Medium,9_0.224_0.265.png,1.1020245552062988,0.233,0.266,,,,5.961967170238495,117.98768615722656,1.0,0.5844859480857849,hidden,119.5721664428711,2.5,0.87748122215271,fixation,1.0
44,2,20.0,Medium,20_0.898_0.571.png,1.4031723737716677,0.903,0.566,,,,6.126680612564087,125.05167388916016,1.0,0.6364163756370544,hidden,126.68809509277344,2.5,0.9902642369270324,fixation,1.0
45,2,22.0,Congruent,13b_0.735_0.673.png,1.4334754943847656,0.745,0.669,,,,6.053543031215668,132.58152770996094,1.0,1.0530574321746826,hidden,134.63458251953125,2.5,0.5004855990409851,fixation,1.0
46,2,8.0,Incongruent,8_0.102_0.612.png,1.0453933477401731,0.108,0.62,,,,5.8626580238342285,140.06854248046875,1.0,0.6817129254341125,hidden,141.75025939941406,2.5,0.680945098400116,fixation,1.0
47,2,2.0,Incongruent,2_0.347_0.551.png,1.4141826629638672,0.347,0.545,,,,6.537190318107605,146.97659301757812,1.0,0.6611747741699219,hidden,148.6377716064453,2.5,1.376015543937683,fixation,1.0
48,2,9.0,Medium,9_0.327_0.388.png,1.4977647066116333,0.332,0.385,,,,6.503787636756897,154.92796325683594,1.0,0.6238479614257812,hidden,156.55181884765625,2.5,1.3799396753311155,fixation,1.0
49,2,1.0,Medium,1_1.000_0.163.png,1.3884227275848389,1.0,0.167,,,,6.412496566772461,162.9295196533203,1.0,0.9638685584068298,hidden,164.8933868408203,2.5,0.9486280083656312,fixation,1.0
50,2,22.0,Congruent,13b_0.776_0.898.png,1.028962016105652,0.782,0.906,,,,5.814018130302429,170.73043823242188,1.0,0.5761663317680359,hidden,172.30661010742188,2.5,0.7378517985343933,fixation,1.0
51,2,11.0,Congruent,11_0.000_0.551.png,1.3086845874786377,0.0,0.551,,,,6.293597340583801,177.57342529296875,1.0,0.7637447118759155,hidden,179.33717346191406,2.5,1.0298526287078855,fixation,1.0
52,2,2.0,Incongruent,2_1.000_0.224.png,1.3370966911315918,1.0,0.228,,,,6.172894179821014,185.1757049560547,1.0,0.6453670859336853,hidden,186.82107543945312,2.5,1.027527093887329,fixation,1.0
53,2,20.0,Medium,20_0.510_0.735.png,1.2565332651138306,0.503,0.725,,,,5.706908464431763,192.68569946289065,1.0,0.5412498116493225,hidden,194.22694396972656,2.5,0.6656586527824402,fixation,1.0
54,2,18.0,Incongruent,18_0.367_0.000.png,1.2464643716812134,0.375,0.0,,,,6.3612340092659,199.64913940429688,1.0,1.1383436918258667,hidden,201.7874755859375,2.5,0.722890317440033,fixation,1.0
,2,,Fixation,,1.2271666526794434,,,fixation,5.0,run_end,2.569069266319275,207.2568359375,0.0,1.2343480587005615,hidden,208.49118041992188,0.0,1.3347212076187134,fixation,0.0
,3,,Fixation,,1.3794565200805664,,,fixation,10.0,run_start,2.2464940547943115,0.0,0.0,1.2046184539794922,hidden,1.2046184539794922,0.0,1.0418756008148191,fixation,0.0
55,3,20.0,Medium,20_0.510_0.592.png,1.4303361177444458,0.511,0.594,,,,6.741680383682251,3.625950574874878,1.0,1.3293859958648682,hidden,5.955336570739746,2.5,0.9122943878173828,fixation,1.0
56,3,2.0,Incongruent,2_0.551_0.204.png,1.1635528802871704,0.559,0.198,,,,6.608091711997986,11.797966957092283,1.0,1.2379297018051147,hidden,14.035896301269531,2.5,0.8701620101928711,fixation,1.0
57,3,3.0,Congruent,3_0.327_0.714.png,1.1256048679351809,0.323,0.717,,,,6.489225745201111,19.56961250305176,1.0,1.2601455450057983,hidden,21.829757690429688,2.5,0.7290802001953125,fixation,1.0
58,3,9.0,Medium,9_0.041_0.000.png,1.3747912645339966,0.042,0.0,,,,7.022987127304077,27.1844425201416,1.0,1.0990158319473269,hidden,29.2834587097168,2.5,1.4239712953567505,fixation,1.0
59,3,22.0,Congruent,13b_0.816_0.592.png,1.3770829439163208,0.822,0.599,,,,6.316953837871552,35.58222198486328,1.0,1.1939752101898191,hidden,37.77619552612305,2.5,0.6229786276817322,fixation,1.0
60,3,11.0,Congruent,11_0.163_0.714.png,1.2852097749710083,0.153,0.721,,,,5.941259920597076,43.2762565612793,1.0,0.7594622373580933,hidden,45.03572082519531,2.5,0.6817976832389832,fixation,1.0
61,3,3.0,Congruent,3_0.265_0.653.png,1.4811233282089231,0.263,0.646,,,,6.897221922874451,50.50272750854492,1.0,1.3715230226516724,hidden,52.87424850463867,2.5,1.0256989002227783,fixation,1.0
62,3,1.0,Medium,1_0.714_0.714.png,1.4633952379226685,0.709,0.713,,,,6.296103179454804,58.88107299804688,1.0,0.9474700689315796,hidden,60.82854080200195,2.5,0.8486331105232239,fixation,1.0
63,3,20.0,Medium,20_0.469_0.980.png,1.1837294101715088,0.479,0.971,,,,6.5991387367248535,66.64057159423828,1.0,1.0682342052459717,hidden,68.70880126953125,2.5,1.0309045314788818,fixation,1.0
64,3,18.0,Incongruent,18_0.224_0.143.png,1.0248578786849976,0.219,0.151,,,,5.695919692516327,74.4234390258789,1.0,0.6872218251228333,hidden,76.11066436767578,2.5,0.5086978673934937,fixation,1.0
65,3,1.0,Medium,1_0.735_0.224.png,1.127652883529663,0.743,0.217,,,,6.449044466018677,81.14421844482422,1.0,1.1741926670074463,hidden,83.31841278076172,2.5,0.7748517990112305,fixation,1.0
66,3,9.0,Medium,9_0.776_0.653.png,1.2326380014419556,0.778,0.65,,,,6.128572642803192,88.72091674804688,1.0,1.1157941818237305,hidden,90.83670806884766,2.5,0.5127784609794617,fixation,1.0
67,3,22.0,Congruent,13b_0.776_1.000.png,1.0473977327346802,0.771,0.993,,,,6.839675545692444,96.08212280273438,1.0,1.3471219539642334,hidden,98.4292449951172,2.5,0.9925535917282104,fixation,1.0
68,3,8.0,Incongruent,8_0.347_1.000.png,1.0196545124053955,0.354,1.0,,,,6.861883997917175,103.96920013427734,1.0,1.3007631301879885,hidden,106.26995849609376,2.5,1.061120867729187,fixation,1.0
69,3,9.0,Medium,9_0.265_0.327.png,1.030456781387329,0.269,0.331,,,,6.930801749229431,111.85073852539062,1.0,1.4270917177200315,hidden,114.27782440185548,2.5,1.0037100315093994,fixation,1.0
70,3,8.0,Incongruent,8_0.510_0.837.png,1.494703769683838,0.506,0.837,,,,6.486222863197327,119.81199645996094,1.0,0.7320833206176758,hidden,121.54407501220705,2.5,1.2541395425796509,fixation,1.0
71,3,11.0,Congruent,11_0.224_0.857.png,1.145501971244812,0.234,0.853,,,,7.305081248283386,127.7929229736328,1.0,1.4788857698440552,hidden,130.2718048095703,2.5,1.326195478439331,fixation,1.0
72,3,8.0,Incongruent,8_0.306_0.653.png,1.376879096031189,0.316,0.651,,,,7.210193991661072,136.24349975585938,1.0,1.3799686431884766,hidden,138.62347412109375,2.5,1.3302253484725952,fixation,1.0
73,3,22.0,Congruent,13b_0.367_0.735.png,1.0495200157165527,0.368,0.731,,,,6.421332240104675,144.83058166503906,1.0,1.216387391090393,hidden,147.04696655273438,2.5,0.7049448490142822,fixation,1.0
74,3,20.0,Medium,20_0.490_0.796.png,1.109663963317871,0.497,0.791,,,,6.114109635353088,152.3014373779297,1.0,0.6553825736045837,hidden,153.95681762695312,2.5,0.9587270617485046,fixation,1.0
75,3,2.0,Incongruent,2_0.469_0.551.png,1.3474808931350708,0.471,0.543,,,,6.309340476989746,159.52520751953125,1.0,1.3052150011062622,hidden,161.83041381835938,2.5,0.5041254758834839,fixation,1.0
76,3,18.0,Incongruent,18_0.551_0.102.png,1.0540143251419067,0.549,0.104,,,,6.901413679122925,167.18202209472656,1.0,1.0154199600219729,hidden,169.19744873046875,2.5,1.385993719100952,fixation,1.0
77,3,1.0,Medium,1_0.490_0.347.png,1.089657425880432,0.481,0.356,,,,6.11836165189743,175.137451171875,1.0,0.6688020825386047,hidden,176.80625915527344,2.5,0.9495595693588256,fixation,1.0
78,3,3.0,Congruent,3_0.000_0.204.png,1.2089217901229858,0.0,0.2,,,,6.806056380271912,182.3454742431641,1.0,1.437839388847351,hidden,184.78330993652344,2.5,0.8682169914245605,fixation,1.0
79,3,2.0,Incongruent,2_0.673_0.347.png,1.108492732048035,0.682,0.35,,,,6.683771371841431,190.3604431152344,1.0,1.013041853904724,hidden,192.3734893798828,2.5,1.1707295179367063,fixation,1.0
80,3,18.0,Incongruent,18_0.000_0.143.png,1.4849390983581543,0.0,0.144,,,,7.329211831092834,198.1527099609375,1.0,1.4179083108901978,hidden,200.57061767578125,2.5,1.4113035202026367,fixation,1.0
81,3,11.0,Congruent,11_0.367_0.102.png,1.3841676712036133,0.366,0.094,,,,6.441787958145142,206.96685791015625,1.0,0.517105221748352,hidden,208.4839630126953,2.5,1.4246827363967896,fixation,1.0
,3,,Fixation,,1.2266653776168823,,,fixation,5.0,run_end,2.1698994636535645,214.79281616210935,0.0,1.1715185642242432,hidden,215.9643402099609,0.0,0.9983808994293212,fixation,0.0
,4,,Fixation,,1.1166366338729858,,,fixation,10.0,run_start,1.3059168457984924,0.0,0.0,0.5826573967933655,hidden,0.5826573967933655,0.0,0.723259449005127,fixation,0.0
82,4,3.0,Congruent,3_0.245_0.122.png,1.105444073677063,0.254,0.117,,,,6.658100962638855,2.422553539276123,1.0,0.7149602174758911,hidden,4.137513637542725,2.5,1.443140745162964,fixation,1.0
83,4,8.0,Incongruent,8_0.429_0.571.png,1.2741553783416748,0.423,0.571,,,,6.779663324356079,10.186098098754885,1.0,1.1496613025665283,hidden,12.335760116577148,2.5,1.1300020217895508,fixation,1.0
84,4,18.0,Incongruent,18_0.041_0.327.png,1.4323337078094482,0.037,0.324,,,,6.235106527805328,18.239917755126957,1.0,1.1309301853179932,hidden,20.370847702026367,2.5,0.6041763424873352,fixation,1.0
85,4,9.0,Medium,9_0.000_0.265.png,1.2031126022338867,0.0,0.273,,,,6.931573033332825,25.907358169555664,1.0,1.3804421424865725,hidden,28.28779983520508,2.5,1.0511308908462524,fixation,1.0
86,4,22.0,Congruent,13b_0.469_0.735.png,1.046019434928894,0.468,0.733,,,,6.291145026683807,34.04204177856445,1.0,0.7965965867042542,hidden,35.83863830566406,2.5,0.9945484399795532,fixation,1.0
87,4,1.0,Medium,1_0.633_0.265.png,1.201676845550537,0.64,0.262,,,,6.470967650413513,41.379207611083984,1.0,1.206265211105347,hidden,43.5854721069336,2.5,0.7647024393081665,fixation,1.0
88,4,22.0,Congruent,13b_0.592_0.653.png,1.2497977018356323,0.584,0.653,,,,6.804990887641907,49.05185317993164,1.0,1.267430067062378,hidden,51.31928253173828,2.5,1.0375608205795288,fixation,1.0
89,4,18.0,Incongruent,18_0.306_0.551.png,1.019755244255066,0.303,0.556,,,,6.416284024715424,57.10663986206055,1.0,0.8435446619987488,hidden,58.9501838684082,2.5,1.0727393627166748,fixation,1.0
90,4,22.0,Congruent,13b_0.633_0.918.png,1.0647934675216677,0.624,0.91,,,,6.174021899700165,64.54267883300781,1.0,0.9273037314414978,hidden,66.46998596191406,2.5,0.746718168258667,fixation,1.0
91,4,2.0,Incongruent,2_0.673_0.102.png,1.2967373132705688,0.668,0.092,,,,6.5207459926605225,71.781494140625,1.0,0.5306705236434937,hidden,73.31216430664062,2.5,1.4900754690170288,fixation,1.0
92,4,8.0,Incongruent,8_0.551_1.000.png,1.135738492012024,0.553,1.0,,,,6.380799949169159,79.5989761352539,1.0,0.8720123171806335,hidden,81.47099304199219,2.5,1.0087876319885254,fixation,1.0
93,4,20.0,Medium,20_0.714_0.735.png,1.4229137897491455,0.709,0.736,,,,6.860552191734314,87.11551666259766,1.0,1.0295236110687256,hidden,89.1450424194336,2.5,1.3310285806655884,fixation,1.0
94,4,18.0,Incongruent,18_0.265_0.408.png,1.21925151348114,0.272,0.41,,,,5.823912799358368,95.39898681640624,1.0,0.6611661911010742,hidden,97.06015014648438,2.5,0.6627466082572937,fixation,1.0
95,4,3.0,Congruent,3_0.367_0.102.png,1.3616302013397217,0.364,0.11,,,,6.851790547370911,102.44214630126952,1.0,1.121695041656494,hidden,104.5638427734375,2.5,1.2300955057144165,fixation,1.0
96,4,9.0,Medium,9_0.286_0.408.png,1.3903518915176392,0.282,0.414,,,,6.247054159641266,110.65557098388672,1.0,0.5582416653633118,hidden,112.21380615234376,2.5,1.188812494277954,fixation,1.0
97,4,11.0,Congruent,11_0.306_0.571.png,1.0529860258102417,0.31,0.571,,,,6.714674472808838,118.29297637939452,1.0,1.4820770025253296,hidden,120.77505493164062,2.5,0.7325974702835083,fixation,1.0
98,4,8.0,Incongruent,8_0.510_0.673.png,1.4527817964553833,0.518,0.671,,,,6.109983682632446,126.06063842773438,1.0,0.8761579394340515,hidden,127.9367904663086,2.5,0.7338257431983948,fixation,1.0
99,4,3.0,Congruent,3_0.265_0.327.png,1.1618033647537231,0.275,0.337,,,,6.822971820831299,133.62339782714844,1.0,0.951584815979004,hidden,135.57498168945312,2.5,1.371387004852295,fixation,1.0
100,4,20.0,Medium,20_0.714_0.653.png,1.2071926593780518,0.721,0.654,,,,6.493339955806732,141.60816955566406,1.0,0.5245123505592346,hidden,143.1326904296875,2.5,1.4688276052474976,fixation,1.0
101,4,2.0,Incongruent,2_0.306_0.510.png,1.4512510299682615,0.309,0.51,,,,6.846343278884888,149.30870056152344,1.0,1.232504963874817,hidden,151.5412139892578,2.5,1.1138383150100708,fixation,1.0
102,4,1.0,Medium,1_0.286_0.408.png,1.1145468950271606,0.285,0.404,,,,6.610042154788971,157.60630798339844,1.0,1.1767631769180298,hidden,159.78306579589844,2.5,0.9332789778709412,fixation,1.0
103,4,11.0,Congruent,11_0.367_0.469.png,1.3045432567596436,0.369,0.459,,,,6.369987368583679,165.3308868408203,1.0,0.9777353405952454,hidden,167.30862426757812,2.5,0.8922520279884338,fixation,1.0
104,4,20.0,Medium,20_1.000_1.000.png,1.1118910312652588,1.0,1.0,,,,6.039202511310577,173.0054168701172,1.0,1.0173324346542358,hidden,175.0227508544922,2.5,0.5218700766563416,fixation,1.0
105,4,2.0,Incongruent,2_0.531_0.265.png,1.3295830488204956,0.529,0.273,,,,6.435167908668518,180.1565093994141,1.0,0.7319719791412354,hidden,181.88848876953125,2.5,1.2031959295272827,fixation,1.0
106,4,9.0,Medium,9_0.551_0.327.png,1.0473438501358032,0.556,0.32,,,,6.318362236022949,187.9212646484375,1.0,1.129817247390747,hidden,190.05108642578125,2.5,0.6885449886322021,fixation,1.0
107,4,11.0,Congruent,11_0.367_0.306.png,1.4818575382232666,0.358,0.304,,,,6.345697104930878,195.28697204589844,1.0,0.8094438910484314,hidden,197.09642028808597,2.5,1.0362532138824463,fixation,1.0
108,4,1.0,Medium,1_0.735_0.551.png,1.2745360136032104,0.725,0.548,,,,5.796365261077881,203.11453247070312,1.0,0.6093350052833557,hidden,204.72386169433597,2.5,0.6870302557945251,fixation,1.0
,4,,Fixation,,1.327060580253601,,,fixation,5.0,run_end,1.4274849891662598,210.1854248046875,0.0,0.9019485712051392,hidden,211.08737182617188,0.0,0.5255364179611206,fixation,0.0
,5,,Fixation,,1.261280179023743,,,fixation,10.0,run_start,1.6056285500526428,0.0,0.0,0.7110328674316406,hidden,0.7110328674316406,0.0,0.8945956826210022,fixation,0.0
109,5,22.0,Congruent,13b_0.918_0.878.png,1.0191885232925415,0.923,0.87,,,,6.224019348621368,2.8669087886810303,1.0,1.2222652435302734,hidden,5.089173793792725,2.5,0.501754105091095,fixation,1.0
110,5,3.0,Congruent,3_0.306_0.388.png,1.107526183128357,0.311,0.392,,,,7.319817662239075,10.110116958618164,1.0,1.4060381650924685,hidden,12.516155242919922,2.5,1.4137794971466064,fixation,1.0
111,5,9.0,Medium,9_0.510_0.245.png,1.4384362697601318,0.5,0.241,,,,6.878184080123901,18.53746032714844,1.0,1.1801377534866333,hidden,20.71759796142578,2.5,1.198046326637268,fixation,1.0
112,5,8.0,Incongruent,8_0.020_0.673.png,1.3322911262512207,0.023,0.666,,,,5.86836314201355,26.854080200195312,1.0,0.8268318176269531,hidden,28.680912017822266,2.5,0.5415313243865967,fixation,1.0
113,5,9.0,Medium,9_0.367_0.449.png,1.2087228298187256,0.363,0.445,,,,6.503523409366608,34.05473327636719,1.0,0.5431569218635559,hidden,35.59789276123047,2.5,1.4603664875030518,fixation,1.0
114,5,20.0,Medium,20_0.714_0.735.png,1.3506524562835691,0.71,0.728,,,,6.9454697370529175,41.76698303222656,1.0,1.4409421682357788,hidden,44.20792388916016,2.5,1.004527568817139,fixation,1.0
115,5,8.0,Incongruent,8_0.102_0.204.png,1.4839738607406616,0.107,0.213,,,,6.852842807769775,50.06310272216797,1.0,0.9889019727706908,hidden,52.052005767822266,2.5,1.3639408349990845,fixation,1.0
116,5,11.0,Congruent,11_0.000_0.653.png,1.3534749746322632,0.0,0.653,,,,6.724926173686981,58.39992141723633,1.0,0.7645853161811829,hidden,60.16450500488281,2.5,1.4603408575057983,fixation,1.0
117,5,3.0,Congruent,3_0.429_0.388.png,1.371374249458313,0.421,0.384,,,,6.629207193851471,66.47832489013672,1.0,1.3472164869308472,hidden,68.8255386352539,2.5,0.7819907069206238,fixation,1.0
118,5,11.0,Congruent,11_0.551_0.265.png,1.3117773532867432,0.559,0.26,,,,7.378129363059998,74.4789047241211,1.0,1.417348861694336,hidden,76.89624786376953,2.5,1.4607805013656616,fixation,1.0
119,5,20.0,Medium,20_0.694_0.898.png,1.063009262084961,0.693,0.899,,,,5.980093061923981,83.16880798339844,1.0,0.8545399308204651,hidden,85.02334594726562,2.5,0.6255531311035156,fixation,1.0
120,5,1.0,Medium,1_0.755_0.449.png,1.3121752738952637,0.76,0.441,,,,6.308790743350983,90.2119140625,1.0,0.8739270567893982,hidden,92.0858383178711,2.5,0.9348636865615844,fixation,1.0
121,5,2.0,Incongruent,2_0.551_0.286.png,1.3261467218399048,0.542,0.283,,,,6.632262468338013,97.83287811279295,1.0,0.9863135814666748,hidden,99.8191909790039,2.5,1.145948886871338,fixation,1.0
122,5,1.0,Medium,1_0.878_0.449.png,1.4350202083587646,0.883,0.45,,,,6.996620416641235,105.79129028320312,1.0,1.470629334449768,hidden,108.2619171142578,2.5,1.0259910821914673,fixation,1.0
123,5,18.0,Incongruent,18_0.367_0.061.png,1.2269476652145386,0.357,0.067,,,,6.8161948919296265,114.22293090820312,1.0,1.1522185802459717,hidden,116.3751449584961,2.5,1.1639763116836548,fixation,1.0
124,5,2.0,Incongruent,2_0.653_0.531.png,1.383526086807251,0.651,0.53,,,,7.236923575401306,122.2660675048828,1.0,1.4181722402572632,hidden,124.68424224853516,2.5,1.318751335144043,fixation,1.0
125,5,3.0,Congruent,3_0.000_0.143.png,1.2584949731826782,0.0,0.134,,,,5.95493745803833,130.8865203857422,1.0,0.6399930119514465,hidden,132.52651977539062,2.5,0.8149444460868835,fixation,1.0
126,5,9.0,Medium,9_0.224_0.000.png,1.0420466661453247,0.229,0.0,,,,5.997447848320007,138.09994506835938,1.0,0.9108195900917052,hidden,140.01077270507812,2.5,0.586628258228302,fixation,1.0
127,5,18.0,Incongruent,18_0.163_0.061.png,1.474412441253662,0.157,0.063,,,,6.625004887580872,145.1394500732422,1.0,1.4973878860473633,hidden,147.6368408203125,2.5,0.6276170015335083,fixation,1.0
128,5,11.0,Congruent,11_0.286_0.388.png,1.494702696800232,0.29,0.395,,,,6.357126653194428,153.23886108398438,1.0,0.7841033339500427,hidden,155.02296447753906,2.5,1.0730233192443848,fixation,1.0
129,5,22.0,Congruent,13b_0.469_0.878.png,1.1225248575210571,0.471,0.874,,,,6.270505785942078,161.0906982421875,1.0,0.6438989639282227,hidden,162.73458862304688,2.5,1.126606822013855,fixation,1.0
130,5,2.0,Incongruent,2_0.959_0.245.png,1.020970344543457,0.954,0.238,,,,6.855847537517548,168.4837188720703,1.0,0.9061041474342346,hidden,170.38983154296875,2.5,1.449743390083313,fixation,1.0
131,5,1.0,Medium,1_0.551_0.347.png,1.1509851217269895,0.545,0.337,,,,6.814446449279785,176.36053466796875,1.0,1.0429627895355225,hidden,178.40350341796875,2.5,1.2714836597442627,fixation,1.0
132,5,20.0,Medium,20_0.490_0.755.png,1.320322871208191,0.484,0.749,,,,6.6442471742630005,184.3259735107422,1.0,1.27438223361969,hidden,186.6003570556641,2.5,0.8698649406433105,fixation,1.0
133,5,8.0,Incongruent,8_0.245_0.490.png,1.169558882713318,0.24,0.5,,,,6.701069533824921,192.29054260253903,1.0,1.4853432178497314,hidden,194.77589416503903,2.5,0.7157263159751892,fixation,1.0
134,5,22.0,Congruent,13b_1.000_0.796.png,1.4632611274719238,1.0,0.789,,,,6.528827250003815,200.1611785888672,1.0,0.5437125563621521,hidden,201.7048797607422,2.5,1.4851146936416626,fixation,1.0
135,5,18.0,Incongruent,18_0.000_0.327.png,1.2630897760391235,0.0,0.33,,,,6.924933552742004,208.15325927734372,1.0,1.3399658203125,hidden,210.49322509765625,2.5,1.0849677324295044,fixation,1.0
,5,,Fixation,,1.0463002920150757,,,fixation,5.0,run_end,2.191466510295868,216.34127807617188,0.0,0.7643105387687683,hidden,217.1055908203125,0.0,1.4271559715270996,fixation,0.0
,6,,Fixation,,1.427902102470398,,,fixation,10.0,run_start,2.017747402191162,0.0,0.0,0.9861972332000732,hidden,0.9861972332000732,0.0,1.0315501689910889,fixation,0.0
136,6,1.0,Medium,1_0.796_0.000.png,1.2003945112228394,0.798,0.0,,,,6.093421220779419,3.4456496238708496,1.0,0.8494303822517395,hidden,5.295079708099365,2.5,0.7439908385276794,fixation,1.0
137,6,18.0,Incongruent,18_0.327_0.796.png,1.4851070642471311,0.328,0.797,,,,6.010775148868561,10.739465713500977,1.0,0.6386269330978394,hidden,12.378091812133787,2.5,0.8721482157707214,fixation,1.0
138,6,20.0,Medium,20_0.959_0.245.png,1.4190640449523926,0.953,0.252,,,,6.232549548149109,18.23534774780273,1.0,1.1805834770202637,hidden,20.41593170166016,2.5,0.5519660711288452,fixation,1.0
139,6,9.0,Medium,9_0.429_0.000.png,1.2963523864746094,0.424,0.0,,,,7.247236371040344,25.886960983276367,1.0,1.3863513469696045,hidden,28.273311614990234,2.5,1.3608850240707395,fixation,1.0
140,6,22.0,Congruent,13b_0.714_0.633.png,1.2027626037597656,0.722,0.635,,,,5.665688514709473,34.43054962158203,1.0,0.5237071514129639,hidden,35.95425796508789,2.5,0.6419813632965088,fixation,1.0
141,6,8.0,Incongruent,8_0.265_0.755.png,1.4688504934310913,0.255,0.75,,,,7.205989241600037,41.29899978637695,1.0,1.496444821357727,hidden,43.79544448852539,2.5,1.2095444202423096,fixation,1.0
142,6,20.0,Medium,20_0.469_0.490.png,1.4248745441436768,0.473,0.487,,,,6.910713911056519,49.97383880615234,1.0,1.2068135738372805,hidden,52.1806526184082,2.5,1.2039003372192385,fixation,1.0
143,6,11.0,Congruent,11_0.571_0.633.png,1.3718242645263672,0.57,0.623,,,,6.312998116016388,58.30942916870117,1.0,0.7063220143318176,hidden,60.015750885009766,2.5,1.1066761016845703,fixation,1.0
144,6,8.0,Incongruent,8_0.184_1.000.png,1.2191115617752075,0.189,1.0,,,,5.676800727844238,65.99425506591797,1.0,0.6551183462142944,hidden,67.64936828613281,2.5,0.5216823816299438,fixation,1.0
145,6,2.0,Incongruent,2_0.694_0.102.png,1.3739808797836304,0.694,0.099,,,,7.304227471351623,72.89016723632812,1.0,1.4944417476654053,hidden,75.38460540771484,2.5,1.3097857236862185,fixation,1.0
146,6,22.0,Congruent,13b_0.837_1.000.png,1.0268778800964355,0.836,1.0,,,,5.809908390045166,81.56837463378906,1.0,0.6037326455116272,hidden,83.17210388183594,2.5,0.7061757445335388,fixation,1.0
147,6,20.0,Medium,20_0.653_0.531.png,1.2431060075759888,0.656,0.528,,,,6.356411159038544,88.40515899658203,1.0,1.0259006023406982,hidden,90.43106079101562,2.5,0.8305105566978455,fixation,1.0
148,6,9.0,Medium,9_0.388_0.551.png,1.4177428483963013,0.392,0.56,,,,6.3823243379592896,96.00467681884766,1.0,0.5649585723876953,hidden,97.56963348388672,2.5,1.3173657655715942,fixation,1.0
149,6,1.0,Medium,1_0.878_0.224.png,1.0597288608551023,0.886,0.222,,,,6.479133903980255,103.80474090576172,1.0,0.7650277018547058,hidden,105.56977081298828,2.5,1.214106202125549,fixation,1.0
150,6,18.0,Incongruent,18_0.000_0.184.png,1.3440130949020386,0.0,0.187,,,,6.503650605678558,111.3436050415039,1.0,1.2927261590957642,hidden,113.6363296508789,2.5,0.7109244465827942,fixation,1.0
151,6,11.0,Congruent,11_0.286_0.367.png,1.1878364086151123,0.276,0.373,,,,6.861340403556824,119.19126892089844,1.0,1.24780011177063,hidden,121.43907165527344,2.5,1.1135402917861938,fixation,1.0
152,6,1.0,Medium,1_0.735_0.286.png,1.1953400373458862,0.738,0.286,,,,5.723430871963501,127.24044799804688,1.0,0.5645938515663147,hidden,128.80503845214844,2.5,0.6588370203971863,fixation,1.0
153,6,8.0,Incongruent,8_0.490_0.878.png,1.0700078010559082,0.5,0.874,,,,7.209511756896973,134.15921020507812,1.0,1.4032766819000244,hidden,136.5625,2.5,1.3062350749969482,fixation,1.0
154,6,2.0,Incongruent,2_0.551_0.204.png,1.369581937789917,0.553,0.201,,,,6.591560482978821,142.43873596191406,1.0,1.3963438272476196,hidden,144.8350830078125,2.5,0.6952166557312012,fixation,1.0
155,6,3.0,Congruent,3_0.204_0.306.png,1.438621163368225,0.195,0.311,,,,6.715771555900574,150.39987182617188,1.0,1.1235761642456057,hidden,152.52345275878906,2.5,1.0921953916549685,fixation,1.0
156,6,2.0,Incongruent,2_1.000_0.490.png,1.4924490451812744,1.0,0.489,,,,6.315891623497009,158.5542755126953,1.0,0.533493161201477,hidden,160.0877685546875,2.5,1.2823984622955322,fixation,1.0
157,6,9.0,Medium,9_0.367_0.286.png,1.042308330535889,0.369,0.279,,,,6.664353907108307,166.36260986328125,1.0,0.7846757769584656,hidden,168.1472930908203,2.5,1.3796781301498413,fixation,1.0
158,6,3.0,Congruent,3_0.306_0.102.png,1.4116885662078855,0.308,0.112,,,,6.733645558357239,174.06927490234375,1.0,1.0580933094024658,hidden,176.1273651123047,2.5,1.175552248954773,fixation,1.0
159,6,11.0,Congruent,11_0.184_0.469.png,1.3135005235671997,0.188,0.473,,,,6.623689234256744,182.2146148681641,1.0,0.8273770213127136,hidden,184.0419921875,2.5,1.2963122129440308,fixation,1.0
160,6,3.0,Congruent,3_0.367_0.102.png,1.4275401830673218,0.367,0.109,,,,6.517210960388184,190.15179443359372,1.0,0.640144944190979,hidden,191.7919464111328,2.5,1.3770660161972046,fixation,1.0
161,6,22.0,Congruent,13b_0.939_0.694.png,1.0739288330078125,0.943,0.695,,,,6.609393060207367,198.09654235839844,1.0,1.486086368560791,hidden,200.5826416015625,2.5,0.6233066916465759,fixation,1.0
162,6,18.0,Incongruent,18_0.143_0.204.png,1.0180202722549438,0.136,0.209,,,,6.903374433517456,205.7798767089844,1.0,1.2440961599349976,hidden,208.0239715576172,2.5,1.1592782735824585,fixation,1.0
,6,,Fixation,,1.4119858741760254,,,fixation,5.0,run_end,2.0394943356513977,213.7012634277344,0.0,1.178390622138977,hidden,214.8796539306641,0.0,0.8611037135124207,fixation,0.0
,7,,Fixation,,1.1819056272506714,,,fixation,10.0,run_start,1.47639662027359,0.0,0.0,0.5069172382354736,hidden,0.5069172382354736,0.0,0.9694793820381165,fixation,0.0
163,7,3.0,Congruent,3_0.816_1.000.png,1.1493780612945557,0.815,1.0,,,,5.342728137969971,2.6583023071289062,1.0,1.2538573741912842,hidden,4.912159442901611,2.5,0.5888707637786865,fixation,0.0
164,7,18.0,Incongruent,18_0.939_0.898.png,1.214175820350647,0.942,0.888,,,,5.211098670959473,9.150408744812012,1.0,0.9235986471176147,hidden,11.074007034301758,2.5,0.7875000238418579,fixation,0.0
165,7,22.0,Congruent,13b_0.898_0.449.png,1.0899369716644287,0.889,0.44,,,,5.870241165161133,15.575682640075684,1.0,1.2107280492782593,hidden,17.78641128540039,2.5,1.1595131158828735,fixation,0.0
166,7,2.0,Incongruent,2_0.143_1.000.png,1.2145620584487915,0.144,1.0,,,,5.293931484222412,22.53586196899414,1.0,0.8630833029747009,hidden,24.398944854736328,2.5,0.9308481812477112,fixation,0.0
167,7,3.0,Congruent,3_1.000_1.000.png,1.3938027620315552,1.0,1.0,,,,5.758623898029327,29.04435539245605,1.0,0.7973772883415222,hidden,30.841732025146484,2.5,1.4612466096878052,fixation,0.0
168,7,2.0,Incongruent,2_0.000_0.939.png,1.2388370037078855,0.0,0.931,,,,5.373556435108185,36.19678115844727,1.0,1.0279490947723389,hidden,38.2247314453125,2.5,0.845607340335846,fixation,0.0
169,7,22.0,Congruent,13b_0.531_1.000.png,1.4658098220825195,0.528,0.992,,,,6.0275092124938965,42.809173583984375,1.0,1.4166783094406128,hidden,45.225852966308594,2.5,1.1108309030532837,fixation,0.0
170,7,2.0,Incongruent,2_0.327_0.347.png,1.3253711462020874,0.325,0.348,,,,4.829357922077179,50.302494049072266,1.0,0.7410414814949036,hidden,52.04353332519531,2.5,0.5883164405822754,fixation,0.0
171,7,3.0,Congruent,3_0.571_0.327.png,1.2373276948928833,0.571,0.324,,,,5.360080182552338,56.45722198486328,1.0,1.2193373441696167,hidden,58.67655944824219,2.5,0.640742838382721,fixation,0.0
172,7,18.0,Incongruent,18_0.592_0.408.png,1.273673415184021,0.591,0.4,,,,4.818526923656464,63.054630279541016,1.0,0.789551317691803,hidden,64.84418487548828,2.5,0.5289756059646606,fixation,0.0
173,7,22.0,Congruent,13b_0.408_0.653.png,1.168970227241516,0.414,0.651,,,,6.035853385925293,69.1468276977539,1.0,1.473135471343994,hidden,71.61996459960938,2.5,1.0627179145812988,fixation,0.0
174,7,2.0,Incongruent,2_0.388_0.184.png,1.0071486234664917,0.394,0.179,,,,5.49566125869751,76.35165405273438,1.0,1.477529764175415,hidden,78.82918548583984,2.5,0.5181314945220947,fixation,0.0
175,7,22.0,Congruent,13b_0.306_0.000.png,1.0813748836517334,0.31,0.0,,,,5.563147068023682,82.85446166992188,1.0,0.7187185287475586,hidden,84.57318115234375,2.5,1.344428539276123,fixation,0.0
176,7,18.0,Incongruent,18_0.918_1.000.png,1.0242851972579956,0.918,1.0,,,,5.117530286312103,89.49898529052734,1.0,0.650307834148407,hidden,91.1492919921875,2.5,0.9672224521636964,fixation,0.0
177,7,3.0,Congruent,3_1.000_1.000.png,1.3020844459533691,1.0,1.0,,,,4.752768933773041,95.64080047607422,1.0,0.5915273427963257,hidden,97.23233032226562,2.5,0.6612415909767151,fixation,0.0
178,7,18.0,Incongruent,18_0.531_0.041.png,1.0006850957870483,0.534,0.049,,,,5.648056983947754,101.6956558227539,1.0,1.2070311307907104,hidden,103.9026870727539,2.5,0.9410258531570436,fixation,0.0
179,7,2.0,Incongruent,2_0.000_0.898.png,1.2873177528381348,0.0,0.893,,,,5.5371856689453125,108.34439849853516,1.0,1.499170422554016,hidden,110.84356689453124,2.5,0.5380152463912964,fixation,0.0
180,7,3.0,Congruent,3_0.082_0.531.png,1.2063100337982178,0.092,0.531,,,,5.860685110092163,115.1688995361328,1.0,1.234351634979248,hidden,117.40325164794922,2.5,1.126333475112915,fixation,0.0
181,7,2.0,Incongruent,2_0.000_0.939.png,1.2018632888793943,0.0,0.931,,,,4.852672696113586,128.8339080810547,1.0,0.8066664338111877,hidden,130.6405792236328,2.5,0.5460062623023987,fixation,0.0
182,7,3.0,Congruent,3_0.857_0.816.png,1.428528070449829,0.852,0.81,,,,5.169486343860626,122.23589324951172,1.0,0.9628650546073914,hidden,124.19876098632812,2.5,0.7066212892532349,fixation,0.0
183,7,22.0,Congruent,13b_0.041_0.020.png,1.405691146850586,0.043,0.026,,,,5.436334431171417,134.88844299316406,1.0,0.633754551410675,hidden,136.52220153808594,2.5,1.3025798797607422,fixation,0.0
184,7,3.0,Congruent,3_0.490_0.143.png,1.3437360525131226,0.491,0.141,,,,5.263078212738037,141.73046875,1.0,1.25844407081604,hidden,143.98892211914062,2.5,0.5046341419219971,fixation,0.0
185,7,18.0,Incongruent,18_0.000_0.367.png,1.275955080986023,0.0,0.375,,,,5.673391580581665,148.3372802734375,1.0,0.6974928379058838,hidden,150.03477478027344,2.5,1.4758987426757812,fixation,0.0
186,7,22.0,Congruent,13b_0.102_0.000.png,1.237161636352539,0.11,0.0,,,,5.554665148258209,155.28663635253906,1.0,0.6878108382225037,hidden,156.9744415283203,2.5,1.3668543100357056,fixation,0.0
187,7,2.0,Incongruent,2_0.571_0.041.png,1.410325527191162,0.581,0.032,,,,5.308954656124115,162.07846069335938,1.0,1.0186114311218262,hidden,164.09707641601562,2.5,0.7903432250022888,fixation,0.0
188,7,18.0,Incongruent,18_0.959_1.000.png,1.0742875337600708,0.969,1.0,,,,5.73908543586731,168.79774475097656,1.0,0.8783078193664551,hidden,170.67604064941406,2.5,1.3607776165008545,fixation,0.0
189,7,3.0,Congruent,3_0.531_0.531.png,1.1872074604034424,0.525,0.535,,,,5.240937650203705,175.61111450195312,1.0,0.5324364304542542,hidden,177.1435546875,2.5,1.208501219749451,fixation,0.0
190,7,18.0,Incongruent,18_0.102_0.224.png,1.4474703073501587,0.107,0.224,,,,5.245687782764435,182.0392608642578,1.0,0.5878986716270447,hidden,183.6271514892578,2.5,1.15778911113739,fixation,0.0
191,7,2.0,Incongruent,2_0.898_0.020.png,1.0107134580612185,0.889,0.015,,,,4.967292129993439,188.732421875,1.0,0.69283127784729,hidden,190.4252471923828,2.5,0.7744608521461487,fixation,0.0
192,7,22.0,Congruent,13b_0.449_0.714.png,1.0352307558059692,0.443,0.724,,,,5.368211328983307,194.71041870117188,1.0,1.1170897483825684,hidden,196.8275146484375,2.5,0.7511215806007385,fixation,0.0
193,7,18.0,Incongruent,18_0.673_0.898.png,1.100061535835266,0.681,0.895,,,,5.007965683937073,201.1138610839844,1.0,0.5872116088867188,hidden,202.7010803222656,2.5,0.920754075050354,fixation,0.0
194,7,22.0,Congruent,13b_0.000_0.000.png,1.1007860898971558,0.0,0.0,,,,5.677631258964539,207.22189331054688,1.0,1.3683568239212036,hidden,209.5902404785156,2.5,0.809274435043335,fixation,0.0
,7,,Fixation,,1.149537205696106,,,fixation,5.0,run_end,2.188814461231232,214.00030517578125,0.0,0.9138843417167664,hidden,214.9141998291016,0.0,1.274930119514465,fixation,0.0
,8,,Fixation,,1.1222726106643677,,,fixation,10.0,run_start,2.070850908756256,0.0,0.0,1.1939234733581543,hidden,1.1939234733581543,0.0,0.8769274353981018,fixation,0.0
195,8,18.0,Incongruent,18_1.000_0.980.png,1.3339097499847412,1.0,0.989,,,,6.217379212379456,3.193123579025269,1.0,1.3451313972473145,hidden,5.538254737854004,2.5,1.3722478151321411,fixation,0.0
196,8,3.0,Congruent,3_1.000_1.000.png,1.324142575263977,1.0,1.0,,,,6.217765212059021,10.744412422180176,1.0,1.2462515830993652,hidden,12.9906644821167,2.5,1.4715136289596558,fixation,0.0
197,8,22.0,Congruent,13b_0.000_0.020.png,1.4412872791290283,0.0,0.022,,,,4.827462255954742,18.286319732666016,1.0,0.5835602283477783,hidden,19.86988067626953,2.5,0.7439020276069641,fixation,0.0
198,8,18.0,Incongruent,18_0.327_0.408.png,1.030145525932312,0.327,0.4,,,,5.460548162460327,24.55506896972656,1.0,1.0230902433395386,hidden,26.57815933227539,2.5,0.9374579191207886,fixation,0.0
199,8,3.0,Congruent,3_0.163_0.082.png,1.2137179374694824,0.172,0.073,,,,5.125512421131134,31.04576301574707,1.0,0.6886486411094666,hidden,32.734413146972656,2.5,0.9368637800216676,fixation,0.0
200,8,2.0,Incongruent,2_0.020_0.939.png,1.231895923614502,0.013,0.947,,,,4.894015729427338,37.38499450683594,1.0,0.8883295655250549,hidden,39.27332305908203,2.5,0.5056861639022827,fixation,0.0
201,8,18.0,Incongruent,18_0.000_0.469.png,1.413750171661377,0.004,0.467,,,,5.815933704376221,70.80319213867188,1.0,0.9723423719406128,hidden,72.77552795410156,2.5,1.343591332435608,fixation,0.0
202,8,3.0,Congruent,3_0.449_0.163.png,1.0349138975143433,0.451,0.155,,,,5.65964150428772,50.20240783691406,1.0,1.0106079578399658,hidden,52.213016510009766,2.5,1.149033546447754,fixation,0.0
203,8,2.0,Incongruent,2_0.020_0.878.png,1.15642249584198,0.015,0.871,,,,5.83157354593277,56.89696502685547,1.0,0.8428899645805359,hidden,58.73985290527344,2.5,1.488683581352234,fixation,0.0
204,8,22.0,Congruent,13b_0.469_0.735.png,1.0024493932724,0.479,0.729,,,,5.915780544281006,63.88496017456055,1.0,1.0830894708633425,hidden,65.96804809570312,2.5,1.3326910734176636,fixation,0.0
205,8,2.0,Incongruent,2_0.000_1.000.png,1.2035268545150757,0.0,1.0,,,,5.4879754185676575,43.51090621948242,1.0,0.6113510727882385,hidden,45.122257232666016,2.5,1.376624345779419,fixation,0.0
206,8,22.0,Congruent,13b_0.000_0.000.png,1.322858452796936,0.0,0.0,,,,5.905041813850403,78.03287506103516,1.0,1.2248969078063965,hidden,80.25776672363281,2.5,1.1801449060440063,fixation,0.0
207,8,18.0,Incongruent,18_1.000_1.000.png,1.0201631784439087,1.0,1.0,,,,5.320510625839233,85.26077270507812,1.0,0.7652378082275391,hidden,87.02600860595703,2.5,1.0552728176116943,fixation,0.0
208,8,22.0,Congruent,13b_0.776_0.714.png,1.3968377113342283,0.78,0.711,,,,5.503609359264374,91.60144805908205,1.0,1.2036089897155762,hidden,93.8050537109375,2.5,0.8000003695487976,fixation,0.0
209,8,2.0,Incongruent,2_0.612_0.204.png,1.2766101360321045,0.616,0.201,,,,6.00208306312561,98.50189208984376,1.0,1.0853623151779177,hidden,100.5872573852539,2.5,1.4167207479476929,fixation,0.0
210,8,18.0,Incongruent,18_0.490_0.367.png,1.2795952558517456,0.496,0.373,,,,5.234997987747192,105.78058624267578,1.0,0.6459907293319702,hidden,107.42657470703124,2.5,1.0890072584152222,fixation,0.0
211,8,3.0,Congruent,3_1.000_1.000.png,1.4600892066955566,1.0,1.0,,,,5.688518345355988,112.29518127441406,1.0,0.9640032649040222,hidden,114.25918579101562,2.5,1.224515080451965,fixation,0.0
212,8,2.0,Incongruent,2_0.694_0.429.png,1.055487036705017,0.697,0.42,,,,5.978607416152954,119.44378662109376,1.0,1.379603385925293,hidden,121.82339477539062,2.5,1.0990040302276611,fixation,0.0
213,8,18.0,Incongruent,18_1.000_0.980.png,1.2677891254425049,1.0,0.972,,,,5.1011621952056885,126.4778823852539,1.0,0.7287481427192688,hidden,128.20663452148438,2.5,0.8724140524864197,fixation,0.0
214,8,3.0,Congruent,3_0.163_0.469.png,1.1678998470306396,0.157,0.477,,,,5.715366840362549,132.84683227539062,1.0,0.7471239566802979,hidden,134.59396362304688,2.5,1.468242883682251,fixation,0.0
215,8,22.0,Congruent,13b_0.612_0.592.png,1.0427347421646118,0.617,0.596,,,,6.004702806472778,139.7301025390625,1.0,1.109294295310974,hidden,141.8394012451172,2.5,1.3954085111618042,fixation,0.0
216,8,18.0,Incongruent,18_1.000_1.000.png,1.2249077558517456,0.997,1.0,,,,5.408885896205902,146.7775421142578,1.0,1.2858556509017944,hidden,149.0634002685547,2.5,0.6230302453041077,fixation,0.0
217,8,3.0,Congruent,3_1.000_1.000.png,1.4861624240875244,1.0,1.0,,,,5.782664716243744,153.4113311767578,1.0,1.4715496301651,hidden,155.8828887939453,2.5,0.8111150860786438,fixation,0.0
218,8,22.0,Congruent,13b_1.000_0.673.png,1.2171516418457031,1.0,0.664,,,,5.830541491508484,160.68016052246094,1.0,1.13317608833313,hidden,162.81333923339844,2.5,1.197365403175354,fixation,0.0
219,8,2.0,Incongruent,2_0.408_0.918.png,1.2329903841018677,0.418,0.914,,,,5.248790860176086,167.7278594970703,1.0,0.6592750549316406,hidden,169.3871307373047,2.5,1.0895158052444458,fixation,0.0
220,8,3.0,Congruent,3_0.592_0.061.png,1.1062109470367432,0.601,0.051,,,,4.814724564552307,174.2096405029297,1.0,0.7803338170051575,hidden,175.98995971679688,2.5,0.5343907475471497,fixation,0.0
221,8,22.0,Congruent,13b_0.000_0.061.png,1.05621337890625,0.0,0.071,,,,5.209703862667084,180.1305694580078,1.0,0.713557779788971,hidden,181.84413146972656,2.5,0.9961460828781128,fixation,0.0
222,8,18.0,Incongruent,18_0.082_0.469.png,1.3571306467056274,0.091,0.47,,,,5.600155889987946,186.396484375,1.0,1.4138050079345703,hidden,188.81028747558597,2.5,0.6863508820533752,fixation,0.0
223,8,3.0,Congruent,3_1.000_1.000.png,1.451521635055542,1.0,1.0,,,,5.848772287368774,193.3537750244141,1.0,1.4080744981765747,hidden,195.7618408203125,2.5,0.9406977891921996,fixation,0.0
224,8,2.0,Incongruent,2_0.306_0.306.png,1.4350829124450684,0.296,0.313,,,,5.025038659572601,200.6540679931641,1.0,0.6451279520988464,hidden,202.2991943359375,2.5,0.8799107074737549,fixation,0.0
225,8,22.0,Congruent,13b_0.000_0.020.png,1.1872516870498655,0.0,0.027,,,,5.611720263957977,207.1141815185547,1.0,1.1914536952972412,hidden,209.3056488037109,2.5,0.920266568660736,fixation,0.0
226,8,2.0,Incongruent,2_0.857_0.204.png,1.1939891576766968,0.851,0.206,,,,5.719530820846558,213.9131622314453,1.0,0.8466016054153442,hidden,215.759765625,2.5,1.3729292154312134,fixation,0.0
,8,,Fixation,,1.102779984474182,,,fixation,5.0,run_end,2.422141909599304,220.82667541503903,0.0,1.2541576623916626,hidden,222.08084106445312,0.0,1.1679842472076416,fixation,0.0
