var_idx,iter_idx,seed,csv,isi_dist,iti_dist,isi_lo,isi_hi,iti_lo,iti_hi,isi_shape,iti_shape,enc_raw_max_worst,enc_raw_p95_worst,enc_raw_mean,enc_part_max_worst,enc_part_p95_worst,enc_part_mean,dec_raw_max_worst,dec_raw_p95_worst,dec_raw_mean,dec_part_max_worst,dec_part_p95_worst,dec_part_mean,fb_raw_max_worst,fb_raw_p95_worst,fb_raw_mean,fb_part_max_worst,fb_part_p95_worst,fb_part_mean,all_max_worst,all_p95_worst,all_mean,cov_chi2,cov_minbin,cov_chi2_worst,cov_minbin_worst,coll_max,coll_p95,coll_max_worst,coll_p95_worst,coll_enc_max,coll_enc_p95,coll_dec_max,coll_dec_p95,coll_fb_max,coll_fb_p95,enc_part_nuked_n_worst,enc_part_nuked_frac_worst,enc_part_nuked_frac_mean,coll_enc_max_worst,coll_enc_p95_worst,coll_dec_max_worst,coll_dec_p95_worst,coll_fb_max_worst,coll_fb_p95_worst,stage1_obj
0,0,0,design_optimisation\optim_longer_isi_v3\candidate_bank\designs\var0000_iter0000_d000000.csv,uniform,uniform,1.519138699714327,2.0758473610710073,1.106531162234106,1.5477423063864457,0.25,0.25,0.32589652375599193,0.20015483239424445,0.04215919204703278,0.31070376669934563,0.2073533155606348,0.043197331909326106,0.31617233880041434,0.20310764672019943,0.04327958983625849,0.3194108326715547,0.21222312127557927,0.044642470063182435,0.27729895035831303,0.20008692609538542,0.04135627377521894,0.2777809151472492,0.20555547109164862,0.04243166271533324,0.7775253285468632,0.20636411838262897,0.05235241885434667,13.444444444444445,0.0,13.444444444444445,0.0,0.7775253285468632,0.20636411838262897,0.7775253285468632,0.20636411838262897,0.31070376669934563,0.2073533155606348,0.3194108326715547,0.21222312127557927,0.2777809151472492,0.20555547109164862,0.0,0.0,0.0,0.31070376669934563,0.2073533155606348,0.3194108326715547,0.21222312127557927,0.2777809151472492,0.20555547109164862,2027.484015671545
1,0,100000,design_optimisation\optim_longer_isi_v3\candidate_bank\designs\var0001_iter0000_d000001.csv,uniform,uniform,1.801232382720436,2.473934191702334,2.5772530169946677,3.7233434238538177,0.25,0.25,0.31772392642639086,0.1946007702163228,0.03569963838910681,0.32154187754914976,0.20882788036042205,0.03929888101386904,0.31382382734973546,0.20857895742210583,0.03689821623208636,0.31582305778657777,0.2181255983272382,0.040046705370171035,0.269340683434384,0.19627385427196126,0.03508576321601953,0.27771007202090237,0.2089682594630717,0.03889375825077439,0.5233409698599985,0.19047272304136345,0.0415933898397554,28.555555555555554,0.0,28.555555555555554,0.0,0.5233409698599985,0.19047272304136345,0.5233409698599985,0.19047272304136345,0.32154187754914976,0.20882788036042205,0.31582305778657777,0.2181255983272382,0.27771007202090237,0.2089682594630717,0.0,0.0,0.0,0.32154187754914976,0.20882788036042205,0.31582305778657777,0.2181255983272382,0.27771007202090237,0.2089682594630717,2057.5632543190827
2,0,200000,design_optimisation\optim_longer_isi_v3\candidate_bank\designs\var0002_iter0000_d000002.csv,uniform,uniform,1.3697999863446766,2.4525898829632213,3.1212192407159836,3.5225303819067464,0.25,0.25,0.312347363029935,0.19952300028831446,0.03649984642489885,0.3289052148889093,0.21127363171383257,0.03972321231471264,0.3152770567273587,0.21223032438268244,0.03769663749973193,0.3191461698734948,0.22408326730758227,0.040568992711262436,0.27746402656674896,0.20091569971726403,0.035865639906539536,0.28135365977398874,0.21423390126284256,0.03930005596243615,0.6135127340639022,0.18812439386522078,0.04257773231199207,17.888888888888886,0.0,17.888888888888886,0.0,0.6135127340639022,0.18812439386522078,0.6135127340639022,0.18812439386522078,0.3289052148889093,0.21127363171383257,0.3191461698734948,0.22408326730758227,0.28135365977398874,0.21423390126284256,0.0,0.0,0.0,0.3289052148889093,0.21127363171383257,0.3191461698734948,0.22408326730758227,0.28135365977398874,0.21423390126284256,2036.272658538675
3,0,300000,design_optimisation\optim_longer_isi_v3\candidate_bank\designs\var0003_iter0000_d000003.csv,uniform,uniform,1.8718468425401111,2.2795094975911594,2.8971041607178547,3.4205717655859162,0.25,0.25,0.3062421486385881,0.1961386930527277,0.0362681630448034,0.3171757163192358,0.21068091280559606,0.039540370649113366,0.3061271336557995,0.20947838077132153,0.03748268630238866,0.31130273234265315,0.22236768075313512,0.040430885172321296,0.27119388005514544,0.19666229307638947,0.03567718873592224,0.28130488840195716,0.21152463502365793,0.03914200570217294,0.5186854758422758,0.1836502772211508,0.04229097535736538,14.333333333333332,0.0,14.333333333333332,0.0,0.5186854758422758,0.1836502772211508,0.5186854758422758,0.1836502772211508,0.3171757163192358,0.21068091280559606,0.31130273234265315,0.22236768075313512,0.28130488840195716,0.21152463502365793,0.0,0.0,0.0,0.3171757163192358,0.21068091280559606,0.31130273234265315,0.22236768075313512,0.28130488840195716,0.21152463502365793,2029.109659681809
4,0,400000,design_optimisation\optim_longer_isi_v3\candidate_bank\designs\var0004_iter0000_d000004.csv,uniform,uniform,1.8810862757598186,2.3996195680161803,1.7792509153972005,2.9488582864661383,0.25,0.25,0.3140527818482872,0.2000434924403907,0.03800103946145782,0.32365053429713553,0.21051533134201134,0.040538439635405606,0.3034454372870798,0.2034495000639429,0.03912700943921764,0.305940040056077,0.21365909958766252,0.04184048179203004,0.27606227454682586,0.19940173985561935,0.037319813458439585,0.27866439138453364,0.2082939332584932,0.04003092276991313,0.6355150685931557,0.19426603889340216,0.0445593075210513,16.999999999999996,0.0,16.999999999999996,0.0,0.6355150685931557,0.19426603889340216,0.6355150685931557,0.19426603889340216,0.32365053429713553,0.21051533134201134,0.305940040056077,0.21365909958766252,0.27866439138453364,0.2082939332584932,0.0,0.0,0.0,0.32365053429713553,0.21051533134201134,0.305940040056077,0.21365909958766252,0.27866439138453364,0.2082939332584932,2034.51202357319
5,0,500000,design_optimisation\optim_longer_isi_v3\candidate_bank\designs\var0005_iter0000_d000005.csv,uniform,uniform,0.5453114738327407,1.1385332578010858,2.743623478203439,3.6978613810686105,0.25,0.25,0.3259216369010096,0.20167327113924788,0.04203181358016113,0.3336617008129891,0.20753694982707566,0.04354678957145825,0.3272276888368426,0.20396348478939424,0.0432348229044319,0.33017381962452863,0.20833978252312613,0.04384379863704253,0.2887206103472882,0.19990068726978805,0.041349548394395495,0.29383399125054926,0.20655772479314086,0.042977432192700935,0.7777268309899953,0.2033551836405995,0.05342318550785745,13.444444444444446,0.0,13.444444444444446,0.0,0.7777268309899953,0.2033551836405995,0.7777268309899953,0.2033551836405995,0.3336617008129891,0.20753694982707566,0.33017381962452863,0.20833978252312613,0.29383399125054926,0.20655772479314086,0.0,0.0,0.0,0.3336617008129891,0.20753694982707566,0.33017381962452863,0.20833978252312613,0.29383399125054926,0.20655772479314086,2027.4811074880245
6,0,600000,design_optimisation\optim_longer_isi_v3\candidate_bank\designs\var0006_iter0000_d000006.csv,uniform,uniform,1.4846161783700063,2.120725137985333,3.5927458330519486,3.9998609763479798,0.25,0.25,0.3063511962107743,0.19509374895156467,0.03591557277743754,0.31589023544301287,0.2066760025056565,0.03944046613685333,0.3094964844305291,0.20771887187208743,0.03715699428704153,0.3104777061078032,0.21797585389248492,0.03945841074089405,0.2721412304381677,0.1937172792829993,0.03534517652796739,0.2822798701813611,0.20857343062114997,0.0391146793638219,0.5928130139021414,0.18416405601448393,0.04192522680449863,22.333333333333332,0.0,22.333333333333332,0.0,0.5928130139021414,0.18416405601448393,0.5928130139021414,0.18416405601448393,0.31589023544301287,0.2066760025056565,0.3104777061078032,0.21797585389248492,0.2822798701813611,0.20857343062114997,0.0,0.0,0.0,0.31589023544301287,0.2066760025056565,0.3104777061078032,0.21797585389248492,0.2822798701813611,0.20857343062114997,2045.1472372296323
7,0,700000,design_optimisation\optim_longer_isi_v3\candidate_bank\designs\var0007_iter0000_d000007.csv,uniform,uniform,1.5968671751691115,2.3241345882751934,2.789961499484444,3.505002826582852,0.25,0.25,0.3231387671911155,0.20215407911079628,0.03686338008866474,0.32948282165674775,0.2143613806687628,0.039936041385743484,0.31910792030008606,0.21320401847586382,0.03805972625550615,0.3216792454433268,0.2245626237859929,0.04076686747505487,0.2758976446505378,0.20130297234320327,0.03622786614728201,0.2823814377766503,0.21350382509921478,0.039498549697646816,0.56627893607219,0.19068815379963241,0.04301303372065663,19.666666666666668,0.0,19.666666666666668,0.0,0.56627893607219,0.19068815379963241,0.56627893607219,0.19068815379963241,0.32948282165674775,0.2143613806687628,0.3216792454433268,0.2245626237859929,0.2823814377766503,0.21350382509921478,0.0,0.0,0.0,0.32948282165674775,0.2143613806687628,0.3216792454433268,0.2245626237859929,0.2823814377766503,0.21350382509921478,2039.807160955169
8,0,800000,design_optimisation\optim_longer_isi_v3\candidate_bank\designs\var0008_iter0000_d000008.csv,uniform,uniform,0.716154408035858,2.114582867266963,2.3659212384368873,3.1487841480117007,0.25,0.25,0.3286314667501986,0.20059481653385203,0.040577087516398457,0.3291327530723333,0.20764115065804026,0.042323739315931565,0.32011656220685863,0.20518325768892853,0.04176369592355876,0.3212581899595306,0.21118918667502845,0.04382951949124927,0.296352454678968,0.2006026896631929,0.039887405808221296,0.29812946422182085,0.20777470506385312,0.041817327610669384,0.7567184458661711,0.20276751831348672,0.04906531534390362,19.666666666666668,0.0,19.666666666666668,0.0,0.7567184458661711,0.20276751831348672,0.7567184458661711,0.20276751831348672,0.3291327530723333,0.20764115065804026,0.3212581899595306,0.21118918667502845,0.29812946422182085,0.20777470506385312,0.0,0.0,0.0,0.3291327530723333,0.20764115065804026,0.3212581899595306,0.21118918667502845,0.29812946422182085,0.20777470506385312,2039.91446007458
9,0,900000,design_optimisation\optim_longer_isi_v3\candidate_bank\designs\var0009_iter0000_d000009.csv,uniform,uniform,1.2773365741308624,2.4090856832053307,3.428513141486249,3.889870315761197,0.25,0.25,0.30977926111498955,0.19724731887841462,0.036147359017914264,0.3180152288950488,0.2105722139276446,0.03954167767744153,0.30974999162135763,0.20726150900826973,0.03737587931352654,0.3103396736076193,0.22077434289203934,0.039896532823589306,0.27672717280449294,0.1949049130348129,0.03556540723046003,0.28497594648028185,0.2112462366822462,0.03914616230778279,0.6410386297402282,0.1906317656433882,0.042273855929415044,15.222222222222223,0.0,15.222222222222223,0.0,0.6410386297402282,0.1906317656433882,0.6410386297402282,0.1906317656433882,0.3180152288950488,0.2105722139276446,0.3103396736076193,0.22077434289203934,0.28497594648028185,0.2112462366822462,0.0,0.0,0.0,0.3180152288950488,0.2105722139276446,0.3103396736076193,0.22077434289203934,0.28497594648028185,0.2112462366822462,2030.9555955249577
0,0,0,design_optimisation\optim_longer_isi_v3\candidate_bank\designs\var0010_iter0000_d000010.csv,uniform,uniform,1.519138699714327,2.0758473610710073,0.5655576382979115,0.9909183423916591,0.25,0.25,0.2865125233627297,0.17248350647164354,0.042835618491234295,0.2650561434833402,0.17706165426740733,0.04381299169674934,0.28131141768333273,0.17577414218393309,0.043839456065310256,0.2830536624772131,0.17998084510850593,0.044814176003193894,0.2580643395026084,0.17255045352089446,0.04194951413884734,0.25783841298736154,0.17564266193562325,0.04260352773356581,0.8627071402132532,0.1980013351571857,0.056139592001387614,37.44444444444444,0.0,37.44444444444444,0.0,0.8627071402132532,0.1980013351571857,0.8627071402132532,0.1980013351571857,0.2650561434833402,0.17706165426740733,0.2830536624772131,0.17998084510850593,0.25783841298736154,0.17564266193562325,0.0,0.0,0.0,0.2650561434833402,0.17706165426740733,0.2830536624772131,0.17998084510850593,0.25783841298736154,0.17564266193562325,2075.5182437941526
1,0,100000,design_optimisation\optim_longer_isi_v3\candidate_bank\designs\var0011_iter0000_d000011.csv,uniform,uniform,1.801232382720436,2.473934191702334,1.4706172412274878,2.3297497992946568,0.25,0.25,0.31865468712199113,0.19938693499871593,0.03928360801600865,0.3195924906669073,0.2082304671444356,0.041354742490851686,0.3078225282124093,0.20454777436340357,0.04039409142686995,0.30977556039043397,0.2171409066156425,0.04281780341420517,0.27910045776463244,0.2004367158227825,0.03854801710855371,0.27979836150287646,0.20749347970151535,0.04074742052580323,0.6908995447994136,0.19839190176595045,0.04626329664428937,24.999999999999993,0.0,24.999999999999993,0.0,0.6908995447994136,0.19839190176595045,0.6908995447994136,0.19839190176595045,0.3195924906669073,0.2082304671444356,0.30977556039043397,0.2171409066156425,0.27979836150287646,0.20749347970151535,0.0,0.0,0.0,0.3195924906669073,0.2082304671444356,0.30977556039043397,0.2171409066156425,0.27979836150287646,0.20749347970151535,2050.543841674166
2,0,200000,design_optimisation\optim_longer_isi_v3\candidate_bank\designs\var0012_iter0000_d000012.csv,uniform,uniform,1.3697999863446766,2.4525898829632213,1.8053656865944516,2.206172542711844,0.25,0.25,0.3227206321380366,0.20021787070253827,0.04024378738219006,0.32107434885631553,0.20762570290925964,0.042026481027590185,0.3103514288868197,0.20636498531376024,0.04139823801788243,0.3155406262088622,0.21694065613336716,0.04365547724010822,0.28715743273323774,0.19999555044878672,0.03948753918957594,0.2858765773800534,0.2068318515798623,0.041446254183671455,0.6190073340826118,0.20131653429921534,0.047590283071708456,24.11111111111111,0.0,24.11111111111111,0.0,0.6190073340826118,0.20131653429921534,0.6190073340826118,0.20131653429921534,0.32107434885631553,0.20762570290925964,0.3155406262088622,0.21694065613336716,0.2858765773800534,0.2068318515798623,0.0,0.0,0.0,0.32107434885631553,0.20762570290925964,0.3155406262088622,0.21694065613336716,0.2858765773800534,0.2068318515798623,2048.733042423563
3,0,300000,design_optimisation\optim_longer_isi_v3\candidate_bank\designs\var0013_iter0000_d000013.csv,uniform,uniform,1.8718468425401111,2.2795094975911594,1.6674487142879106,2.1434287788221025,0.25,0.25,0.3232818724486705,0.20097312243456156,0.039835640262039645,0.3180664010349873,0.2094639812946716,0.04157355001018009,0.3096705975469192,0.20512206922965692,0.04096470819808112,0.31040790912451544,0.21688406252612413,0.04322551350080783,0.28115798394387875,0.20147166240940118,0.03910558880378159,0.2805982473631003,0.2083310759449118,0.04102914580795475,0.658984956515959,0.20026990816389034,0.046924758562680635,18.777777777777775,0.0,18.777777777777775,0.0,0.658984956515959,0.20026990816389034,0.658984956515959,0.20026990816389034,0.3180664010349873,0.2094639812946716,0.31040790912451544,0.21688406252612413,0.2805982473631003,0.2083310759449118,0.0,0.0,0.0,0.3180664010349873,0.2094639812946716,0.31040790912451544,0.21688406252612413,0.2805982473631003,0.2083310759449118,2038.0853179419776
4,0,400000,design_optimisation\optim_longer_isi_v3\candidate_bank\designs\var0014_iter0000_d000014.csv,uniform,uniform,1.8810862757598186,2.3996195680161803,0.9795390248598157,1.8531435609022389,0.25,0.25,0.32743980279261903,0.20055920442567943,0.040860781659340054,0.3219981742618165,0.20944809734478284,0.04250041867104014,0.3138433437046319,0.20734818308050085,0.04198172205137622,0.3140585060151884,0.21734811355282763,0.04404799252731576,0.27910768605127306,0.20090601927768026,0.040098866884467815,0.2781678733643003,0.20794685980749036,0.041838823459924804,0.7968056976589117,0.20591639943904042,0.04874414858058124,22.333333333333336,0.0,22.333333333333336,0.0,0.7968056976589117,0.20591639943904042,0.7968056976589117,0.20591639943904042,0.3219981742618165,0.20944809734478284,0.3140585060151884,0.21734811355282763,0.2781678733643003,0.20794685980749036,0.0,0.0,0.0,0.3219981742618165,0.20944809734478284,0.3140585060151884,0.21734811355282763,0.2781678733643003,0.20794685980749036,2045.2709859149352
5,0,500000,design_optimisation\optim_longer_isi_v3\candidate_bank\designs\var0015_iter0000_d000015.csv,uniform,uniform,0.5453114738327407,1.1385332578010858,1.5729990635098086,2.314068542196068,0.25,0.25,0.28621078379283793,0.16514090127605732,0.04517052280767718,0.2750561930456396,0.16574493125853954,0.045895966794161996,0.28305583360887,0.1669394686374675,0.04622352478935193,0.2844529473203018,0.17342690177385434,0.046864480649912985,0.2529778069474164,0.16408035076855754,0.04441678321806122,0.2563010627705759,0.1654057510027735,0.045032877259807494,0.7969981205020854,0.2159228233598345,0.06169646070670798,17.88888888888889,0.0,17.88888888888889,0.0,0.7969981205020854,0.2159228233598345,0.7969981205020854,0.2159228233598345,0.2750561930456396,0.16574493125853954,0.2844529473203018,0.17342690177385434,0.2563010627705759,0.1654057510027735,0.0,0.0,0.0,0.2750561930456396,0.16574493125853954,0.2844529473203018,0.17342690177385434,0.2563010627705759,0.1654057510027735,2036.3921996613888
6,0,600000,design_optimisation\optim_longer_isi_v3\candidate_bank\designs\var0016_iter0000_d000016.csv,uniform,uniform,1.4846161783700063,2.120725137985333,2.095535897262738,2.499914446983372,0.25,0.25,0.3247731197300702,0.20178232914228506,0.04025726095214408,0.32235178233007206,0.21170071232468707,0.04209687894737035,0.3101177690707167,0.20590159229724653,0.04143771701431237,0.3111055634555417,0.2163380677415223,0.043577250588505506,0.28509168921291655,0.20158206074135976,0.03953653907359464,0.2858207571730885,0.20915001050798365,0.04160692332462387,0.584189918089693,0.20269307095622877,0.04754185485353819,22.333333333333332,0.0,22.333333333333332,0.0,0.584189918089693,0.20269307095622877,0.584189918089693,0.20269307095622877,0.32235178233007206,0.21170071232468707,0.3111055634555417,0.2163380677415223,0.2858207571730885,0.20915001050798365,0.0,0.0,0.0,0.32235178233007206,0.21170071232468707,0.3111055634555417,0.2163380677415223,0.2858207571730885,0.20915001050798365,2045.1614546966678
7,0,700000,design_optimisation\optim_longer_isi_v3\candidate_bank\designs\var0017_iter0000_d000017.csv,uniform,uniform,1.5968671751691115,2.3241345882751934,1.601514768913504,2.195386354820217,0.25,0.25,0.3232361024232456,0.20124462501577112,0.04040986074390224,0.32028292723320595,0.2102326285965494,0.042092275149122865,0.3128179717026942,0.2067919065399038,0.0415645360083533,0.31305689615151316,0.21791566656590494,0.043687855950133664,0.28769870625664073,0.19972357868445395,0.03964758718557498,0.28534528733791986,0.2074597520580773,0.041496623028209015,0.6638997184158396,0.20231645101033738,0.04779988230798436,16.11111111111111,0.0,16.11111111111111,0.0,0.6638997184158396,0.20231645101033738,0.6638997184158396,0.20231645101033738,0.32028292723320595,0.2102326285965494,0.31305689615151316,0.21791566656590494,0.28534528733791986,0.2074597520580773,0.0,0.0,0.0,0.32028292723320595,0.2102326285965494,0.31305689615151316,0.21791566656590494,0.28534528733791986,0.2074597520580773,2032.7564885324405
8,0,800000,design_optimisation\optim_longer_isi_v3\candidate_bank\designs\var0018_iter0000_d000018.csv,uniform,uniform,0.716154408035858,2.114582867266963,1.3405669159611615,1.9761748603148928,0.25,0.25,0.32601158333712327,0.1982587719046524,0.04285432468746556,0.3221994231052077,0.19997684838460628,0.043783653612631444,0.33015866686707135,0.20562266802441512,0.043964927537945966,0.32805501438718154,0.21062243875693348,0.04520522075244101,0.28556990960382406,0.19854231699912067,0.04206068274367758,0.2857856144495722,0.2021658295003158,0.043000332048779746,0.7514257875181142,0.205140912468979,0.05499155788988999,16.11111111111111,0.0,16.11111111111111,0.0,0.7514257875181142,0.205140912468979,0.7514257875181142,0.205140912468979,0.3221994231052077,0.19997684838460628,0.32805501438718154,0.21062243875693348,0.2857856144495722,0.2021658295003158,0.0,0.0,0.0,0.3221994231052077,0.19997684838460628,0.32805501438718154,0.21062243875693348,0.2857856144495722,0.2021658295003158,2032.8030760284503
9,0,900000,design_optimisation\optim_longer_isi_v3\candidate_bank\designs\var0019_iter0000_d000019.csv,uniform,uniform,1.2773365741308624,2.4090856832053307,1.9944696255299996,2.4322278866222753,0.25,0.25,0.3247992893827175,0.20002953954762986,0.04028678156751654,0.33211908701460496,0.20965375959188576,0.042023409333158235,0.3118746507003271,0.20562892786970022,0.041438365527346165,0.314141267890304,0.21336167879417994,0.04359376994795054,0.2871144323485873,0.20035029736751825,0.03956186235370311,0.2871103196138083,0.20815811472316548,0.041528902791807445,0.6376891554508436,0.2031882996616204,0.0477328235685297,18.77777777777778,0.0,18.77777777777778,0.0,0.6376891554508436,0.2031882996616204,0.6376891554508436,0.2031882996616204,0.33211908701460496,0.20965375959188576,0.314141267890304,0.21336167879417994,0.2871103196138083,0.20815811472316548,0.0,0.0,0.0,0.33211908701460496,0.20965375959188576,0.314141267890304,0.21336167879417994,0.2871103196138083,0.20815811472316548,2038.0775884329428
0,0,0,design_optimisation\optim_longer_isi_v3\candidate_bank\designs\var0010_iter0000_d000020.csv,uniform,uniform,1.8821770123928727,2.340942760401628,1.524584114361717,1.9340943783968723,0.25,0.25,0.3216262037577053,0.20213253278604632,0.03995262918861815,0.3186504579545356,0.20814087935372874,0.041618191040864026,0.3110916252270686,0.20527347154362857,0.04107539673052189,0.31193537266762544,0.21607955550887387,0.04336270930697493,0.2809404601102078,0.20129171867984125,0.039213199017899235,0.2813430107179636,0.20785569894037786,0.041080018701938135,0.6853020648474958,0.20121230266613077,0.04708576621282961,18.77777777777778,0.0,18.77777777777778,0.0,0.6853020648474958,0.20121230266613077,0.6853020648474958,0.20121230266613077,0.3186504579545356,0.20814087935372874,0.31193537266762544,0.21607955550887387,0.2813430107179636,0.20785569894037786,0.0,0.0,0.0,0.3186504579545356,0.20814087935372874,0.31193537266762544,0.21607955550887387,0.2813430107179636,0.20785569894037786,2038.0994188906454
1,0,100000,design_optimisation\optim_longer_isi_v3\candidate_bank\designs\var0011_iter0000_d000021.csv,uniform,uniform,1.9879621435201635,2.490225321888375,1.863981465460308,2.4361561747354963,0.25,0.25,0.3131523969361268,0.20012524257064476,0.037921861239112495,0.3191331983833416,0.2090219215866977,0.040327267430777185,0.3027445603281139,0.20177290463943848,0.03902635611356539,0.3058427249373062,0.21415920377387626,0.04184684483453708,0.27467895313057905,0.19819771913580875,0.03720518300576401,0.27775433653515136,0.20662366405846394,0.03975489572879546,0.6177210339073438,0.19210724404066676,0.04440851638008689,28.555555555555554,0.0,28.555555555555554,0.0,0.6177210339073438,0.19210724404066676,0.6177210339073438,0.19210724404066676,0.3191331983833416,0.2090219215866977,0.3058427249373062,0.21415920377387626,0.27775433653515136,0.20662366405846394,0.0,0.0,0.0,0.3191331983833416,0.2090219215866977,0.3058427249373062,0.21415920377387626,0.27775433653515136,0.20662366405846394,2057.6120788721055
2,0,200000,design_optimisation\optim_longer_isi_v3\candidate_bank\designs\var0012_iter0000_d000022.csv,uniform,uniform,1.8261749948792538,2.482221206111208,1.9895121324729192,2.3898147035169415,0.25,0.25,0.3140527818482872,0.20043703156841533,0.03829390423837521,0.31268061349801873,0.2086640918651988,0.040546320904571734,0.3039903224094196,0.2025049861284306,0.03940006126979867,0.30625445285395086,0.2134547333030877,0.04211977390459868,0.27859667866882376,0.19998157124813906,0.03755982823377148,0.27833516041173895,0.20757128941297082,0.03997425053054536,0.5904281851930737,0.19303841553557222,0.044883028070869774,18.777777777777782,0.0,18.777777777777782,0.0,0.5904281851930737,0.19303841553557222,0.5904281851930737,0.19303841553557222,0.31268061349801873,0.2086640918651988,0.30625445285395086,0.2134547333030877,0.27833516041173895,0.20757128941297082,0.0,0.0,0.0,0.31268061349801873,0.2086640918651988,0.30625445285395086,0.2134547333030877,0.27833516041173895,0.20757128941297082,2038.0438080636877
3,0,300000,design_optimisation\optim_longer_isi_v3\candidate_bank\designs\var0013_iter0000_d000023.csv,uniform,uniform,2.0144425659525416,2.4173160615966847,1.9377932678579666,2.3662857920582883,0.25,0.25,0.315250400413769,0.20117615809108377,0.03822669936825232,0.3190197993800402,0.21112342151175356,0.04048143119437286,0.303656125141881,0.20309304804389972,0.039343656393882626,0.3060611646078198,0.21425406775613537,0.04206543192894717,0.277117705033427,0.19986601831855494,0.03752875503419756,0.27866160519595845,0.20829469871956757,0.03991766720176501,0.5990179192204971,0.1945517258503906,0.04480273205019789,9.88888888888889,0.0,9.88888888888889,0.0,0.5990179192204971,0.1945517258503906,0.5990179192204971,0.1945517258503906,0.3190197993800402,0.21112342151175356,0.3060611646078198,0.21425406775613537,0.27866160519595845,0.20829469871956757,0.0,0.0,0.0,0.3190197993800402,0.21112342151175356,0.3060611646078198,0.21425406775613537,0.27866160519595845,0.20829469871956757,2020.2718384632385
4,0,400000,design_optimisation\optim_longer_isi_v3\candidate_bank\designs\var0014_iter0000_d000024.csv,uniform,uniform,2.017907353409932,2.4623573380060675,1.679827134322431,2.2574288353383394,0.25,0.25,0.3163002308492089,0.20192759034171187,0.038570691783724215,0.3202310559956741,0.20997381628265605,0.04071315981329239,0.3048262640409025,0.20387358375137515,0.03967582169469591,0.3066344385487692,0.2156689480728518,0.04233741744309235,0.27639524098002166,0.2005913985261386,0.03786248098612432,0.2772208102573616,0.20882660070227932,0.04010815953141089,0.645744482827379,0.19556621511328437,0.0452213626005982,17.0,0.0,17.0,0.0,0.645744482827379,0.19556621511328437,0.645744482827379,0.19556621511328437,0.3202310559956741,0.20997381628265605,0.3066344385487692,0.2156689480728518,0.2772208102573616,0.20882660070227932,0.0,0.0,0.0,0.3202310559956741,0.20997381628265605,0.3066344385487692,0.2156689480728518,0.2772208102573616,0.20882660070227932,2034.518438456527
5,0,500000,design_optimisation\optim_longer_isi_v3\candidate_bank\designs\var0015_iter0000_d000025.csv,uniform,uniform,1.5169918026872777,1.9894499716754073,1.9023746488161781,2.4302757033235256,0.25,0.25,0.3279725670647701,0.20044179850265847,0.04097177569798893,0.3285750136184683,0.20899714459630958,0.042551931940153435,0.31556902760936406,0.20676327683508294,0.042153178423845514,0.31601064870833817,0.21515588706139943,0.04403686130468231,0.28765525678480014,0.2001947260396269,0.04024360185805091,0.28835758049841204,0.2073909477939416,0.04203952400118698,0.6215383760665534,0.2040339058182399,0.04856033706312432,19.666666666666668,0.0,19.666666666666668,0.0,0.6215383760665534,0.2040339058182399,0.6215383760665534,0.2040339058182399,0.3285750136184683,0.20899714459630958,0.31601064870833817,0.21515588706139943,0.28835758049841204,0.2073909477939416,0.0,0.0,0.0,0.3285750136184683,0.20899714459630958,0.31601064870833817,0.21515588706139943,0.28835758049841204,0.2073909477939416,2039.8481364271847
6,0,600000,design_optimisation\optim_longer_isi_v3\candidate_bank\designs\var0016_iter0000_d000026.csv,uniform,uniform,1.8692310668887524,2.3577719267445,2.0983259614735266,2.499967917618765,0.25,0.25,0.3161676369920244,0.20075111164366669,0.03831977044667714,0.31922100224672134,0.20970514058692008,0.04063414245184488,0.30400029636752535,0.20263517807416948,0.03944618849747013,0.306524530268521,0.21458607093743065,0.042130750833195105,0.27754642961170745,0.19982713901080001,0.03761931162313124,0.2795110823381107,0.20945629482779726,0.04011951094060889,0.5636251084574594,0.194716554052216,0.0449431882546019,11.66666666666667,0.0,11.66666666666667,0.0,0.5636251084574594,0.194716554052216,0.5636251084574594,0.194716554052216,0.31922100224672134,0.20970514058692008,0.306524530268521,0.21458607093743065,0.2795110823381107,0.20945629482779726,0.0,0.0,0.0,0.31922100224672134,0.20970514058692008,0.306524530268521,0.21458607093743065,0.2795110823381107,0.20945629482779726,2023.8098624416143
7,0,700000,design_optimisation\optim_longer_isi_v3\candidate_bank\designs\var0017_iter0000_d000027.csv,uniform,uniform,1.9113251906884168,2.4340504706031973,1.9130680383425642,2.3857698830575815,0.25,0.25,0.3144418699856029,0.20161008472787417,0.03834509421625759,0.3181254160594334,0.21007770713353668,0.04055743302206122,0.30521989511144965,0.20263471443017406,0.03945005138773229,0.3061638432801722,0.2153062720068577,0.04209382861409155,0.27846629864588845,0.19865077279586124,0.03761192132824824,0.2805278375787998,0.2077506316940625,0.039979939328939285,0.5998588140867745,0.19371566596099038,0.04494852389365821,20.55555555555555,0.0,20.55555555555555,0.0,0.5998588140867745,0.19371566596099038,0.5998588140867745,0.19371566596099038,0.3181254160594334,0.21007770713353668,0.3061638432801722,0.2153062720068577,0.2805278375787998,0.2077506316940625,0.0,0.0,0.0,0.3181254160594334,0.21007770713353668,0.3061638432801722,0.2153062720068577,0.2805278375787998,0.2077506316940625,2041.6047561841156
8,0,800000,design_optimisation\optim_longer_isi_v3\candidate_bank\designs\var0018_iter0000_d000028.csv,uniform,uniform,1.5810579030134468,2.355468575225111,1.8152125934854355,2.303565572618085,0.25,0.25,0.3221449241392874,0.20066574390637787,0.039844718418495295,0.322374705214503,0.208222753583433,0.041589376902488,0.31186434168528776,0.20479640807785585,0.040973371593696864,0.31224934935944365,0.21516228696656783,0.04321425229867369,0.2849377170558044,0.201038292257711,0.03911699725819085,0.286663808340441,0.20633058758305098,0.04103179239131531,0.618802930907883,0.19945475383135142,0.047008765564584346,22.333333333333336,0.0,22.333333333333336,0.0,0.618802930907883,0.19945475383135142,0.618802930907883,0.19945475383135142,0.322374705214503,0.208222753583433,0.31224934935944365,0.21516228696656783,0.286663808340441,0.20633058758305098,0.0,0.0,0.0,0.322374705214503,0.208222753583433,0.31224934935944365,0.21516228696656783,0.286663808340441,0.20633058758305098,2045.175522885952
9,0,900000,design_optimisation\optim_longer_isi_v3\candidate_bank\designs\var0019_iter0000_d000029.csv,uniform,uniform,1.7915012152990735,2.465907131201999,2.0604261095737497,2.4745854574833532,0.25,0.25,0.3161676369920244,0.20001710245646126,0.03835578662089884,0.32310782033056984,0.20997131619078752,0.040576558606540705,0.3041200102128944,0.2023137166323321,0.039471289707340054,0.30806544243944034,0.21437809677224617,0.04210683228986649,0.2778321495698226,0.2004522125734087,0.03764493391735012,0.28004202637883024,0.2082663044058447,0.0400320010770011,0.5687477614910122,0.1954599555183277,0.04499996396224671,23.22222222222222,0.0,23.22222222222222,0.0,0.5687477614910122,0.1954599555183277,0.5687477614910122,0.1954599555183277,0.32310782033056984,0.20997131619078752,0.30806544243944034,0.21437809677224617,0.28004202637883024,0.2082663044058447,0.0,0.0,0.0,0.32310782033056984,0.20997131619078752,0.30806544243944034,0.21437809677224617,0.28004202637883024,0.2082663044058447,2046.9242782807082
0,0,0,design_optimisation\optim_longer_isi_v3\candidate_bank\designs\var0010_iter0000_d000030.csv,exponential,exponential,1.8376195433750542,2.4432996614056974,0.6270179242022036,1.0761542883838393,1.5,2.0,0.3230582668593502,0.1999811769331188,0.040858002640603464,0.3087719766826636,0.20921801165282566,0.0424118016152632,0.3099902009227114,0.20497469910073474,0.04193842491275833,0.3147559406800614,0.21528452023652422,0.0439319870791855,0.27882717841720384,0.20293915543596583,0.04005783816844051,0.27794228079335975,0.20980377765777392,0.04158373023639614,0.8573665484875733,0.20410216795144573,0.04933849325491811,20.555555555555557,0.0,20.555555555555557,0.0,0.8573665484875733,0.20410216795144573,0.8573665484875733,0.20410216795144573,0.3087719766826636,0.20921801165282566,0.3147559406800614,0.21528452023652422,0.27794228079335975,0.20980377765777392,0.0,0.0,0.0,0.3087719766826636,0.20921801165282566,0.3147559406800614,0.21528452023652422,0.27794228079335975,0.20980377765777392,2041.7438965533063
1,0,100000,design_optimisation\optim_longer_isi_v3\candidate_bank\designs\var0011_iter0000_d000031.csv,exponential,exponential,2.207867502320572,2.965788626609313,2.3805709048782577,3.6701402361333977,1.5,2.0,0.30474465215478164,0.18258779564376698,0.03190059066822834,0.30669306047278405,0.19929867988371883,0.03740434411305737,0.28797745294808175,0.18891273689094856,0.03313761249874543,0.29559053635178617,0.2059503401617678,0.03827811272537052,0.25371328552104433,0.18712363504041796,0.03139552160262968,0.2632691060232085,0.1996787351739485,0.03710837775233312,0.4869917028195452,0.1833139087175521,0.03667111409492469,20.555555555555557,0.0,20.555555555555557,0.0,0.4869917028195452,0.1833139087175521,0.4869917028195452,0.1833139087175521,0.30669306047278405,0.19929867988371883,0.29559053635178617,0.2059503401617678,0.2632691060232085,0.1996787351739485,0.0,0.0,0.0,0.30669306047278405,0.19929867988371883,0.29559053635178617,0.2059503401617678,0.2632691060232085,0.1996787351739485,2041.5379208712384
2,0,200000,design_optimisation\optim_longer_isi_v3\candidate_bank\designs\var0012_iter0000_d000032.csv,exponential,exponential,1.641612482077388,2.937774221389228,3.0291460177767497,3.430709301504198,1.5,2.0,0.31266285788699144,0.19158740254429063,0.032925847581781464,0.32142971558872324,0.2066815015289415,0.03787724486454107,0.2866014352958569,0.19690007001434898,0.03421860747778706,0.29288203363592324,0.21247070501570572,0.03908219421894056,0.26170285566959284,0.19335533231209195,0.03246820494035865,0.2714092916846034,0.20797585178272632,0.03753196901162229,0.5341160843606986,0.1869463507070715,0.03791694249950936,19.666666666666668,0.0,19.666666666666668,0.0,0.5341160843606986,0.1869463507070715,0.5341160843606986,0.1869463507070715,0.32142971558872324,0.2066815015289415,0.29288203363592324,0.21247070501570572,0.2714092916846034,0.20797585178272632,0.0,0.0,0.0,0.32142971558872324,0.2066815015289415,0.29288203363592324,0.21247070501570572,0.2714092916846034,0.20797585178272632,2039.7873377262206
3,0,300000,design_optimisation\optim_longer_isi_v3\candidate_bank\designs\var0013_iter0000_d000033.csv,exponential,exponential,2.300548980833896,2.710606215588397,2.7619318839328266,3.3091432589678234,1.5,2.0,0.3161332571613991,0.19574443964643912,0.03359099393221203,0.3220064628873114,0.21148563727414676,0.03821465029490205,0.29951174089096877,0.20106533083550138,0.03488397429394613,0.3039031931626619,0.21555099178178402,0.03931523912051428,0.2681579786520611,0.19650012038399556,0.03311232990724687,0.2781133129962697,0.2100778424455853,0.03782228457820737,0.41567009027218,0.18664601714356566,0.03867090098638011,17.88888888888889,0.0,17.88888888888889,0.0,0.41567009027218,0.18664601714356566,0.41567009027218,0.18664601714356566,0.3220064628873114,0.21148563727414676,0.3039031931626619,0.21555099178178402,0.2781133129962697,0.2100778424455853,0.0,0.0,0.0,0.3220064628873114,0.21148563727414676,0.3039031931626619,0.21555099178178402,0.2781133129962697,0.2100778424455853,2036.1722588400576
4,0,400000,design_optimisation\optim_longer_isi_v3\candidate_bank\designs\var0014_iter0000_d000034.csv,exponential,exponential,2.3126757369347617,2.8682506830212366,1.4291068606658928,2.7467156492480878,1.5,2.0,0.3175137072581071,0.20118527277646986,0.03474249322799262,0.3270856658090513,0.2166893100066648,0.03853131690712511,0.29523118842715645,0.20537504162386191,0.03596235099197831,0.30209483567135925,0.2211991816895414,0.03991999516590078,0.2623030937203692,0.20217860771089735,0.03415722857673918,0.2686439097211596,0.21482660741462895,0.03800297062570599,0.6889599569864117,0.18906936584455683,0.040104104813017974,21.444444444444446,0.0,21.444444444444446,0.0,0.6889599569864117,0.18906936584455683,0.6889599569864117,0.18906936584455683,0.3270856658090513,0.2166893100066648,0.30209483567135925,0.2211991816895414,0.2686439097211596,0.21482660741462895,0.0,0.0,0.0,0.3270856658090513,0.2166893100066648,0.30209483567135925,0.2211991816895414,0.2686439097211596,0.21482660741462895,2043.4224382332268
5,0,500000,design_optimisation\optim_longer_isi_v3\candidate_bank\designs\var0015_iter0000_d000035.csv,exponential,exponential,0.5594713094054722,1.213074900863925,2.578935685550254,3.6397578005048814,1.5,2.0,0.3186789596094876,0.2009184587734771,0.04064869843597868,0.3270265008779814,0.21053460933012283,0.04255554658265561,0.3204090399415117,0.20795726670288694,0.04185354335236884,0.32519311869380124,0.2132226221302916,0.04260320736645834,0.29319279004029963,0.20065389912961692,0.0399695258181418,0.29680407795680147,0.2105165319512678,0.04209572118007318,0.7775173270751454,0.20259704242929863,0.050362251998318744,15.222222222222223,0.0,15.222222222222223,0.0,0.7775173270751454,0.20259704242929863,0.7775173270751454,0.20259704242929863,0.3270265008779814,0.21053460933012283,0.32519311869380124,0.2132226221302916,0.29680407795680147,0.2105165319512678,0.0,0.0,0.0,0.3270265008779814,0.21053460933012283,0.32519311869380124,0.2132226221302916,0.29680407795680147,0.2105165319512678,2031.0358001504112
6,0,600000,design_optimisation\optim_longer_isi_v3\candidate_bank\designs\var0016_iter0000_d000036.csv,exponential,exponential,1.7923087341106332,2.50220174360575,3.5913508009465542,3.9998342410302836,1.5,2.0,0.302795684346125,0.1940834170722819,0.033134202353596556,0.31331440965128554,0.20885081515872006,0.03807079742367761,0.297545070046869,0.1991106603360632,0.03442726179525951,0.29880385082635985,0.21100211300447336,0.038315360846416346,0.2661875453127836,0.19236253064496692,0.03268057682765681,0.27688794466459965,0.20764781143129074,0.03768731412318765,0.5316577940106646,0.18425818764288995,0.03822172347768321,21.444444444444443,0.0,21.444444444444443,0.0,0.5316577940106646,0.18425818764288995,0.5316577940106646,0.18425818764288995,0.31331440965128554,0.20885081515872006,0.29880385082635985,0.21100211300447336,0.27688794466459965,0.20764781143129074,0.0,0.0,0.0,0.31331440965128554,0.20885081515872006,0.29880385082635985,0.21100211300447336,0.27688794466459965,0.20764781143129074,2043.3389759735371
7,0,700000,design_optimisation\optim_longer_isi_v3\candidate_bank\designs\var0017_iter0000_d000037.csv,exponential,exponential,1.939638167409459,2.769176647111191,2.634184864769914,3.4098110624641698,1.5,2.0,0.3131330275024546,0.19694636776022748,0.033611255668418626,0.32537486945545546,0.2111230154982987,0.0382823129364757,0.29503761494460873,0.20162529446750022,0.03492220666145709,0.3012733139460287,0.21700444546592657,0.03926264314873022,0.2661410258517871,0.19689666750606905,0.03315096370620845,0.27481537507523474,0.21079278900267984,0.03786399949881286,0.48345152453038337,0.18726386316876611,0.038720669491448916,17.0,0.0,17.0,0.0,0.48345152453038337,0.18726386316876611,0.48345152453038337,0.18726386316876611,0.32537486945545546,0.2111230154982987,0.3012733139460287,0.21700444546592657,0.27481537507523474,0.21079278900267984,0.0,0.0,0.0,0.32537486945545546,0.2111230154982987,0.3012733139460287,0.21700444546592657,0.27481537507523474,0.21079278900267984,2034.428989625434
8,0,800000,design_optimisation\optim_longer_isi_v3\candidate_bank\designs\var0018_iter0000_d000038.csv,exponential,exponential,0.7837026605470636,2.4941400132878893,2.1285983996747504,2.985088791860105,1.5,2.0,0.32506345888578186,0.20437871976723065,0.03729380288569649,0.32897011758870626,0.21280798949602928,0.04007269346566211,0.3066487963682822,0.21327252957043907,0.038456591778546156,0.3063088379166373,0.2251216508979157,0.04170505775533736,0.276508292821321,0.20246666045821426,0.03663626759590548,0.27989297364121335,0.21296259468462975,0.039666406541091104,0.7301322877569277,0.19208922244111665,0.043916479854736366,25.888888888888886,0.0,25.888888888888886,0.0,0.7301322877569277,0.19208922244111665,0.7301322877569277,0.19208922244111665,0.32897011758870626,0.21280798949602928,0.3063088379166373,0.2251216508979157,0.27989297364121335,0.21296259468462975,0.0,0.0,0.0,0.32897011758870626,0.21280798949602928,0.3063088379166373,0.2251216508979157,0.27989297364121335,0.21296259468462975,2052.3349331440972
9,0,900000,design_optimisation\optim_longer_isi_v3\candidate_bank\designs\var0019_iter0000_d000039.csv,exponential,exponential,1.5202542535467571,2.880674959206997,3.395534899464374,3.868691530330658,1.5,2.0,0.3101143816782739,0.192717331765495,0.032310364034413806,0.32289997251512753,0.20420679295688168,0.03767998756539927,0.2966738530286458,0.19390708913201066,0.033573682773090224,0.29523705999509375,0.20703398753737642,0.03832175462710541,0.26400441654066253,0.18960481869306423,0.03180406542775434,0.27231820586315936,0.2050741278609647,0.0372433251464858,0.5799640425755376,0.18556552140326427,0.037201563713743675,14.333333333333334,0.0,14.333333333333334,0.0,0.5799640425755376,0.18556552140326427,0.5799640425755376,0.18556552140326427,0.32289997251512753,0.20420679295688168,0.29523705999509375,0.20703398753737642,0.27231820586315936,0.2050741278609647,0.0,0.0,0.0,0.32289997251512753,0.20420679295688168,0.29523705999509375,0.20703398753737642,0.27231820586315936,0.2050741278609647,2029.1422142093577
